Date,Trend,Keyword,Category
2019-03-31,23,tcs,IT
2019-04-07,28,tcs,IT
2019-04-14,26,tcs,IT
2019-04-21,23,tcs,IT
2019-04-28,21,tcs,IT
2019-05-05,22,tcs,IT
2019-05-12,24,tcs,IT
2019-05-19,25,tcs,IT
2019-05-26,28,tcs,IT
2019-06-02,28,tcs,IT
2019-06-09,44,tcs,IT
2019-06-16,34,tcs,IT
2019-06-23,37,tcs,IT
2019-06-30,37,tcs,IT
2019-07-07,54,tcs,IT
2019-07-14,35,tcs,IT
2019-07-21,41,tcs,IT
2019-07-28,59,tcs,IT
2019-08-04,38,tcs,IT
2019-08-11,29,tcs,IT
2019-08-18,36,tcs,IT
2019-08-25,38,tcs,IT
2019-09-01,27,tcs,IT
2019-09-08,30,tcs,IT
2019-09-15,37,tcs,IT
2019-09-22,38,tcs,IT
2019-09-29,26,tcs,IT
2019-10-06,30,tcs,IT
2019-10-13,28,tcs,IT
2019-10-20,25,tcs,IT
2019-10-27,24,tcs,IT
2019-11-03,24,tcs,IT
2019-11-10,23,tcs,IT
2019-11-17,25,tcs,IT
2019-11-24,28,tcs,IT
2019-12-01,28,tcs,IT
2019-12-08,26,tcs,IT
2019-12-15,29,tcs,IT
2019-12-22,23,tcs,IT
2019-12-29,25,tcs,IT
2020-01-05,26,tcs,IT
2020-01-12,29,tcs,IT
2020-01-19,26,tcs,IT
2020-01-26,26,tcs,IT
2020-02-02,31,tcs,IT
2020-02-09,26,tcs,IT
2020-02-16,25,tcs,IT
2020-02-23,27,tcs,IT
2020-03-01,26,tcs,IT
2020-03-08,33,tcs,IT
2020-03-15,45,tcs,IT
2020-03-22,28,tcs,IT
2020-03-29,26,tcs,IT
2020-04-05,36,tcs,IT
2020-04-12,46,tcs,IT
2020-04-19,33,tcs,IT
2020-04-26,35,tcs,IT
2020-05-03,34,tcs,IT
2020-05-10,34,tcs,IT
2020-05-17,27,tcs,IT
2020-05-24,25,tcs,IT
2020-05-31,27,tcs,IT
2020-06-07,28,tcs,IT
2020-06-14,24,tcs,IT
2020-06-21,24,tcs,IT
2020-06-28,25,tcs,IT
2020-07-05,35,tcs,IT
2020-07-12,35,tcs,IT
2020-07-19,28,tcs,IT
2020-07-26,28,tcs,IT
2020-08-02,27,tcs,IT
2020-08-09,25,tcs,IT
2020-08-16,25,tcs,IT
2020-08-23,24,tcs,IT
2020-08-30,28,tcs,IT
2020-09-06,30,tcs,IT
2020-09-13,32,tcs,IT
2020-09-20,38,tcs,IT
2020-09-27,58,tcs,IT
2020-10-04,82,tcs,IT
2020-10-11,62,tcs,IT
2020-10-18,50,tcs,IT
2020-10-25,39,tcs,IT
2020-11-01,37,tcs,IT
2020-11-08,42,tcs,IT
2020-11-15,32,tcs,IT
2020-11-22,33,tcs,IT
2020-11-29,30,tcs,IT
2020-12-06,38,tcs,IT
2020-12-13,37,tcs,IT
2020-12-20,33,tcs,IT
2020-12-27,34,tcs,IT
2021-01-03,55,tcs,IT
2021-01-10,50,tcs,IT
2021-01-17,52,tcs,IT
2021-01-24,50,tcs,IT
2021-01-31,47,tcs,IT
2021-02-07,40,tcs,IT
2021-02-14,52,tcs,IT
2021-02-21,52,tcs,IT
2021-02-28,43,tcs,IT
2021-03-07,41,tcs,IT
2021-03-14,44,tcs,IT
2021-03-21,45,tcs,IT
2021-03-28,43,tcs,IT
2021-04-04,52,tcs,IT
2021-04-11,61,tcs,IT
2021-04-18,42,tcs,IT
2021-04-25,33,tcs,IT
2021-05-02,43,tcs,IT
2021-05-09,37,tcs,IT
2021-05-16,45,tcs,IT
2021-05-23,51,tcs,IT
2021-05-30,48,tcs,IT
2021-06-06,43,tcs,IT
2021-06-13,44,tcs,IT
2021-06-20,39,tcs,IT
2021-06-27,44,tcs,IT
2021-07-04,56,tcs,IT
2021-07-11,54,tcs,IT
2021-07-18,47,tcs,IT
2021-07-25,42,tcs,IT
2021-08-01,47,tcs,IT
2021-08-08,50,tcs,IT
2021-08-15,46,tcs,IT
2021-08-22,48,tcs,IT
2021-08-29,49,tcs,IT
2021-09-05,47,tcs,IT
2021-09-12,53,tcs,IT
2021-09-19,41,tcs,IT
2021-09-26,54,tcs,IT
2021-10-03,58,tcs,IT
2021-10-10,71,tcs,IT
2021-10-17,62,tcs,IT
2021-10-24,55,tcs,IT
2021-10-31,38,tcs,IT
2021-11-07,48,tcs,IT
2021-11-14,51,tcs,IT
2021-11-21,54,tcs,IT
2021-11-28,55,tcs,IT
2021-12-05,60,tcs,IT
2021-12-12,64,tcs,IT
2021-12-19,61,tcs,IT
2021-12-26,50,tcs,IT
2022-01-02,63,tcs,IT
2022-01-09,82,tcs,IT
2022-01-16,73,tcs,IT
2022-01-23,80,tcs,IT
2022-01-30,77,tcs,IT
2022-02-06,75,tcs,IT
2022-02-13,92,tcs,IT
2022-02-20,100,tcs,IT
2022-02-27,74,tcs,IT
2022-03-06,80,tcs,IT
2022-03-13,64,tcs,IT
2022-03-20,58,tcs,IT
2019-03-31,18,infosys,IT
2019-04-07,22,infosys,IT
2019-04-14,20,infosys,IT
2019-04-21,18,infosys,IT
2019-04-28,15,infosys,IT
2019-05-05,19,infosys,IT
2019-05-12,20,infosys,IT
2019-05-19,20,infosys,IT
2019-05-26,21,infosys,IT
2019-06-02,21,infosys,IT
2019-06-09,19,infosys,IT
2019-06-16,18,infosys,IT
2019-06-23,18,infosys,IT
2019-06-30,17,infosys,IT
2019-07-07,20,infosys,IT
2019-07-14,25,infosys,IT
2019-07-21,21,infosys,IT
2019-07-28,21,infosys,IT
2019-08-04,20,infosys,IT
2019-08-11,17,infosys,IT
2019-08-18,21,infosys,IT
2019-08-25,23,infosys,IT
2019-09-01,22,infosys,IT
2019-09-08,22,infosys,IT
2019-09-15,23,infosys,IT
2019-09-22,31,infosys,IT
2019-09-29,19,infosys,IT
2019-10-06,23,infosys,IT
2019-10-13,27,infosys,IT
2019-10-20,100,infosys,IT
2019-10-27,43,infosys,IT
2019-11-03,54,infosys,IT
2019-11-10,32,infosys,IT
2019-11-17,30,infosys,IT
2019-11-24,34,infosys,IT
2019-12-01,27,infosys,IT
2019-12-08,28,infosys,IT
2019-12-15,28,infosys,IT
2019-12-22,21,infosys,IT
2019-12-29,23,infosys,IT
2020-01-05,28,infosys,IT
2020-01-12,31,infosys,IT
2020-01-19,26,infosys,IT
2020-01-26,25,infosys,IT
2020-02-02,23,infosys,IT
2020-02-09,24,infosys,IT
2020-02-16,23,infosys,IT
2020-02-23,26,infosys,IT
2020-03-01,24,infosys,IT
2020-03-08,29,infosys,IT
2020-03-15,36,infosys,IT
2020-03-22,33,infosys,IT
2020-03-29,28,infosys,IT
2020-04-05,23,infosys,IT
2020-04-12,24,infosys,IT
2020-04-19,33,infosys,IT
2020-04-26,23,infosys,IT
2020-05-03,23,infosys,IT
2020-05-10,23,infosys,IT
2020-05-17,20,infosys,IT
2020-05-24,19,infosys,IT
2020-05-31,22,infosys,IT
2020-06-07,21,infosys,IT
2020-06-14,19,infosys,IT
2020-06-21,22,infosys,IT
2020-06-28,21,infosys,IT
2020-07-05,21,infosys,IT
2020-07-12,38,infosys,IT
2020-07-19,28,infosys,IT
2020-07-26,25,infosys,IT
2020-08-02,23,infosys,IT
2020-08-09,21,infosys,IT
2020-08-16,22,infosys,IT
2020-08-23,20,infosys,IT
2020-08-30,22,infosys,IT
2020-09-06,22,infosys,IT
2020-09-13,28,infosys,IT
2020-09-20,25,infosys,IT
2020-09-27,22,infosys,IT
2020-10-04,24,infosys,IT
2020-10-11,33,infosys,IT
2020-10-18,24,infosys,IT
2020-10-25,21,infosys,IT
2020-11-01,21,infosys,IT
2020-11-08,26,infosys,IT
2020-11-15,25,infosys,IT
2020-11-22,25,infosys,IT
2020-11-29,24,infosys,IT
2020-12-06,26,infosys,IT
2020-12-13,25,infosys,IT
2020-12-20,28,infosys,IT
2020-12-27,27,infosys,IT
2021-01-03,29,infosys,IT
2021-01-10,44,infosys,IT
2021-01-17,31,infosys,IT
2021-01-24,27,infosys,IT
2021-01-31,30,infosys,IT
2021-02-07,27,infosys,IT
2021-02-14,27,infosys,IT
2021-02-21,28,infosys,IT
2021-02-28,27,infosys,IT
2021-03-07,26,infosys,IT
2021-03-14,27,infosys,IT
2021-03-21,26,infosys,IT
2021-03-28,23,infosys,IT
2021-04-04,28,infosys,IT
2021-04-11,63,infosys,IT
2021-04-18,30,infosys,IT
2021-04-25,28,infosys,IT
2021-05-02,29,infosys,IT
2021-05-09,32,infosys,IT
2021-05-16,31,infosys,IT
2021-05-23,34,infosys,IT
2021-05-30,37,infosys,IT
2021-06-06,37,infosys,IT
2021-06-13,37,infosys,IT
2021-06-20,39,infosys,IT
2021-06-27,35,infosys,IT
2021-07-04,31,infosys,IT
2021-07-11,44,infosys,IT
2021-07-18,31,infosys,IT
2021-07-25,29,infosys,IT
2021-08-01,29,infosys,IT
2021-08-08,31,infosys,IT
2021-08-15,31,infosys,IT
2021-08-22,37,infosys,IT
2021-08-29,33,infosys,IT
2021-09-05,32,infosys,IT
2021-09-12,35,infosys,IT
2021-09-19,31,infosys,IT
2021-09-26,33,infosys,IT
2021-10-03,31,infosys,IT
2021-10-10,41,infosys,IT
2021-10-17,38,infosys,IT
2021-10-24,32,infosys,IT
2021-10-31,25,infosys,IT
2021-11-07,30,infosys,IT
2021-11-14,30,infosys,IT
2021-11-21,31,infosys,IT
2021-11-28,31,infosys,IT
2021-12-05,31,infosys,IT
2021-12-12,33,infosys,IT
2021-12-19,35,infosys,IT
2021-12-26,30,infosys,IT
2022-01-02,35,infosys,IT
2022-01-09,47,infosys,IT
2022-01-16,39,infosys,IT
2022-01-23,41,infosys,IT
2022-01-30,39,infosys,IT
2022-02-06,37,infosys,IT
2022-02-13,37,infosys,IT
2022-02-20,39,infosys,IT
2022-02-27,33,infosys,IT
2022-03-06,35,infosys,IT
2022-03-13,37,infosys,IT
2022-03-20,37,infosys,IT
2019-03-31,36,hcl,IT
2019-04-07,35,hcl,IT
2019-04-14,32,hcl,IT
2019-04-21,37,hcl,IT
2019-04-28,34,hcl,IT
2019-05-05,40,hcl,IT
2019-05-12,43,hcl,IT
2019-05-19,37,hcl,IT
2019-05-26,38,hcl,IT
2019-06-02,34,hcl,IT
2019-06-09,38,hcl,IT
2019-06-16,38,hcl,IT
2019-06-23,42,hcl,IT
2019-06-30,40,hcl,IT
2019-07-07,38,hcl,IT
2019-07-14,38,hcl,IT
2019-07-21,40,hcl,IT
2019-07-28,38,hcl,IT
2019-08-04,40,hcl,IT
2019-08-11,35,hcl,IT
2019-08-18,47,hcl,IT
2019-08-25,44,hcl,IT
2019-09-01,39,hcl,IT
2019-09-08,46,hcl,IT
2019-09-15,46,hcl,IT
2019-09-22,46,hcl,IT
2019-09-29,37,hcl,IT
2019-10-06,40,hcl,IT
2019-10-13,43,hcl,IT
2019-10-20,46,hcl,IT
2019-10-27,36,hcl,IT
2019-11-03,40,hcl,IT
2019-11-10,39,hcl,IT
2019-11-17,45,hcl,IT
2019-11-24,46,hcl,IT
2019-12-01,51,hcl,IT
2019-12-08,47,hcl,IT
2019-12-15,44,hcl,IT
2019-12-22,36,hcl,IT
2019-12-29,39,hcl,IT
2020-01-05,44,hcl,IT
2020-01-12,47,hcl,IT
2020-01-19,49,hcl,IT
2020-01-26,48,hcl,IT
2020-02-02,49,hcl,IT
2020-02-09,46,hcl,IT
2020-02-16,47,hcl,IT
2020-02-23,49,hcl,IT
2020-03-01,51,hcl,IT
2020-03-08,38,hcl,IT
2020-03-15,50,hcl,IT
2020-03-22,36,hcl,IT
2020-03-29,39,hcl,IT
2020-04-05,36,hcl,IT
2020-04-12,39,hcl,IT
2020-04-19,46,hcl,IT
2020-04-26,44,hcl,IT
2020-05-03,57,hcl,IT
2020-05-10,59,hcl,IT
2020-05-17,55,hcl,IT
2020-05-24,49,hcl,IT
2020-05-31,59,hcl,IT
2020-06-07,52,hcl,IT
2020-06-14,54,hcl,IT
2020-06-21,60,hcl,IT
2020-06-28,54,hcl,IT
2020-07-05,54,hcl,IT
2020-07-12,77,hcl,IT
2020-07-19,77,hcl,IT
2020-07-26,65,hcl,IT
2020-08-02,58,hcl,IT
2020-08-09,58,hcl,IT
2020-08-16,57,hcl,IT
2020-08-23,58,hcl,IT
2020-08-30,55,hcl,IT
2020-09-06,56,hcl,IT
2020-09-13,68,hcl,IT
2020-09-20,66,hcl,IT
2020-09-27,53,hcl,IT
2020-10-04,61,hcl,IT
2020-10-11,70,hcl,IT
2020-10-18,63,hcl,IT
2020-10-25,52,hcl,IT
2020-11-01,54,hcl,IT
2020-11-08,54,hcl,IT
2020-11-15,55,hcl,IT
2020-11-22,58,hcl,IT
2020-11-29,60,hcl,IT
2020-12-06,62,hcl,IT
2020-12-13,62,hcl,IT
2020-12-20,61,hcl,IT
2020-12-27,53,hcl,IT
2021-01-03,65,hcl,IT
2021-01-10,81,hcl,IT
2021-01-17,75,hcl,IT
2021-01-24,72,hcl,IT
2021-01-31,79,hcl,IT
2021-02-07,88,hcl,IT
2021-02-14,68,hcl,IT
2021-02-21,71,hcl,IT
2021-02-28,72,hcl,IT
2021-03-07,71,hcl,IT
2021-03-14,72,hcl,IT
2021-03-21,65,hcl,IT
2021-03-28,62,hcl,IT
2021-04-04,74,hcl,IT
2021-04-11,64,hcl,IT
2021-04-18,71,hcl,IT
2021-04-25,77,hcl,IT
2021-05-02,77,hcl,IT
2021-05-09,69,hcl,IT
2021-05-16,74,hcl,IT
2021-05-23,76,hcl,IT
2021-05-30,75,hcl,IT
2021-06-06,83,hcl,IT
2021-06-13,77,hcl,IT
2021-06-20,70,hcl,IT
2021-06-27,73,hcl,IT
2021-07-04,73,hcl,IT
2021-07-11,83,hcl,IT
2021-07-18,87,hcl,IT
2021-07-25,73,hcl,IT
2021-08-01,71,hcl,IT
2021-08-08,73,hcl,IT
2021-08-15,69,hcl,IT
2021-08-22,73,hcl,IT
2021-08-29,67,hcl,IT
2021-09-05,66,hcl,IT
2021-09-12,72,hcl,IT
2021-09-19,70,hcl,IT
2021-09-26,72,hcl,IT
2021-10-03,66,hcl,IT
2021-10-10,79,hcl,IT
2021-10-17,81,hcl,IT
2021-10-24,74,hcl,IT
2021-10-31,58,hcl,IT
2021-11-07,70,hcl,IT
2021-11-14,69,hcl,IT
2021-11-21,75,hcl,IT
2021-11-28,73,hcl,IT
2021-12-05,72,hcl,IT
2021-12-12,73,hcl,IT
2021-12-19,74,hcl,IT
2021-12-26,68,hcl,IT
2022-01-02,68,hcl,IT
2022-01-09,83,hcl,IT
2022-01-16,100,hcl,IT
2022-01-23,81,hcl,IT
2022-01-30,80,hcl,IT
2022-02-06,69,hcl,IT
2022-02-13,67,hcl,IT
2022-02-20,65,hcl,IT
2022-02-27,59,hcl,IT
2022-03-06,66,hcl,IT
2022-03-13,61,hcl,IT
2022-03-20,63,hcl,IT
2019-03-31,27,wipro,IT
2019-04-07,32,wipro,IT
2019-04-14,41,wipro,IT
2019-04-21,35,wipro,IT
2019-04-28,27,wipro,IT
2019-05-05,30,wipro,IT
2019-05-12,32,wipro,IT
2019-05-19,29,wipro,IT
2019-05-26,32,wipro,IT
2019-06-02,35,wipro,IT
2019-06-09,37,wipro,IT
2019-06-16,34,wipro,IT
2019-06-23,29,wipro,IT
2019-06-30,30,wipro,IT
2019-07-07,31,wipro,IT
2019-07-14,42,wipro,IT
2019-07-21,34,wipro,IT
2019-07-28,37,wipro,IT
2019-08-04,33,wipro,IT
2019-08-11,30,wipro,IT
2019-08-18,36,wipro,IT
2019-08-25,36,wipro,IT
2019-09-01,36,wipro,IT
2019-09-08,42,wipro,IT
2019-09-15,47,wipro,IT
2019-09-22,41,wipro,IT
2019-09-29,37,wipro,IT
2019-10-06,32,wipro,IT
2019-10-13,56,wipro,IT
2019-10-20,34,wipro,IT
2019-10-27,31,wipro,IT
2019-11-03,34,wipro,IT
2019-11-10,28,wipro,IT
2019-11-17,31,wipro,IT
2019-11-24,30,wipro,IT
2019-12-01,30,wipro,IT
2019-12-08,29,wipro,IT
2019-12-15,27,wipro,IT
2019-12-22,20,wipro,IT
2019-12-29,24,wipro,IT
2020-01-05,28,wipro,IT
2020-01-12,37,wipro,IT
2020-01-19,30,wipro,IT
2020-01-26,32,wipro,IT
2020-02-02,32,wipro,IT
2020-02-09,30,wipro,IT
2020-02-16,27,wipro,IT
2020-02-23,29,wipro,IT
2020-03-01,31,wipro,IT
2020-03-08,27,wipro,IT
2020-03-15,29,wipro,IT
2020-03-22,36,wipro,IT
2020-03-29,43,wipro,IT
2020-04-05,25,wipro,IT
2020-04-12,37,wipro,IT
2020-04-19,27,wipro,IT
2020-04-26,26,wipro,IT
2020-05-03,28,wipro,IT
2020-05-10,25,wipro,IT
2020-05-17,24,wipro,IT
2020-05-24,30,wipro,IT
2020-05-31,33,wipro,IT
2020-06-07,26,wipro,IT
2020-06-14,25,wipro,IT
2020-06-21,29,wipro,IT
2020-06-28,28,wipro,IT
2020-07-05,26,wipro,IT
2020-07-12,52,wipro,IT
2020-07-19,41,wipro,IT
2020-07-26,38,wipro,IT
2020-08-02,32,wipro,IT
2020-08-09,31,wipro,IT
2020-08-16,35,wipro,IT
2020-08-23,29,wipro,IT
2020-08-30,31,wipro,IT
2020-09-06,34,wipro,IT
2020-09-13,40,wipro,IT
2020-09-20,34,wipro,IT
2020-09-27,30,wipro,IT
2020-10-04,48,wipro,IT
2020-10-11,73,wipro,IT
2020-10-18,41,wipro,IT
2020-10-25,38,wipro,IT
2020-11-01,37,wipro,IT
2020-11-08,41,wipro,IT
2020-11-15,42,wipro,IT
2020-11-22,46,wipro,IT
2020-11-29,40,wipro,IT
2020-12-06,54,wipro,IT
2020-12-13,46,wipro,IT
2020-12-20,51,wipro,IT
2020-12-27,46,wipro,IT
2021-01-03,55,wipro,IT
2021-01-10,69,wipro,IT
2021-01-17,56,wipro,IT
2021-01-24,52,wipro,IT
2021-01-31,48,wipro,IT
2021-02-07,43,wipro,IT
2021-02-14,40,wipro,IT
2021-02-21,45,wipro,IT
2021-02-28,50,wipro,IT
2021-03-07,45,wipro,IT
2021-03-14,41,wipro,IT
2021-03-21,38,wipro,IT
2021-03-28,37,wipro,IT
2021-04-04,46,wipro,IT
2021-04-11,58,wipro,IT
2021-04-18,51,wipro,IT
2021-04-25,45,wipro,IT
2021-05-02,47,wipro,IT
2021-05-09,45,wipro,IT
2021-05-16,45,wipro,IT
2021-05-23,49,wipro,IT
2021-05-30,48,wipro,IT
2021-06-06,48,wipro,IT
2021-06-13,50,wipro,IT
2021-06-20,45,wipro,IT
2021-06-27,47,wipro,IT
2021-07-04,48,wipro,IT
2021-07-11,70,wipro,IT
2021-07-18,51,wipro,IT
2021-07-25,49,wipro,IT
2021-08-01,46,wipro,IT
2021-08-08,46,wipro,IT
2021-08-15,49,wipro,IT
2021-08-22,52,wipro,IT
2021-08-29,54,wipro,IT
2021-09-05,53,wipro,IT
2021-09-12,60,wipro,IT
2021-09-19,55,wipro,IT
2021-09-26,62,wipro,IT
2021-10-03,59,wipro,IT
2021-10-10,76,wipro,IT
2021-10-17,66,wipro,IT
2021-10-24,58,wipro,IT
2021-10-31,46,wipro,IT
2021-11-07,57,wipro,IT
2021-11-14,53,wipro,IT
2021-11-21,55,wipro,IT
2021-11-28,49,wipro,IT
2021-12-05,51,wipro,IT
2021-12-12,54,wipro,IT
2021-12-19,59,wipro,IT
2021-12-26,48,wipro,IT
2022-01-02,50,wipro,IT
2022-01-09,100,wipro,IT
2022-01-16,72,wipro,IT
2022-01-23,85,wipro,IT
2022-01-30,78,wipro,IT
2022-02-06,62,wipro,IT
2022-02-13,62,wipro,IT
2022-02-20,67,wipro,IT
2022-02-27,60,wipro,IT
2022-03-06,62,wipro,IT
2022-03-13,58,wipro,IT
2022-03-20,60,wipro,IT
2019-03-31,54,l&t,IT
2019-04-07,47,l&t,IT
2019-04-14,42,l&t,IT
2019-04-21,43,l&t,IT
2019-04-28,40,l&t,IT
2019-05-05,47,l&t,IT
2019-05-12,47,l&t,IT
2019-05-19,59,l&t,IT
2019-05-26,61,l&t,IT
2019-06-02,54,l&t,IT
2019-06-09,52,l&t,IT
2019-06-16,46,l&t,IT
2019-06-23,53,l&t,IT
2019-06-30,51,l&t,IT
2019-07-07,50,l&t,IT
2019-07-14,53,l&t,IT
2019-07-21,61,l&t,IT
2019-07-28,57,l&t,IT
2019-08-04,54,l&t,IT
2019-08-11,44,l&t,IT
2019-08-18,54,l&t,IT
2019-08-25,56,l&t,IT
2019-09-01,50,l&t,IT
2019-09-08,50,l&t,IT
2019-09-15,54,l&t,IT
2019-09-22,60,l&t,IT
2019-09-29,45,l&t,IT
2019-10-06,45,l&t,IT
2019-10-13,53,l&t,IT
2019-10-20,48,l&t,IT
2019-10-27,52,l&t,IT
2019-11-03,54,l&t,IT
2019-11-10,47,l&t,IT
2019-11-17,55,l&t,IT
2019-11-24,65,l&t,IT
2019-12-01,62,l&t,IT
2019-12-08,61,l&t,IT
2019-12-15,58,l&t,IT
2019-12-22,47,l&t,IT
2019-12-29,56,l&t,IT
2020-01-05,54,l&t,IT
2020-01-12,60,l&t,IT
2020-01-19,62,l&t,IT
2020-01-26,56,l&t,IT
2020-02-02,64,l&t,IT
2020-02-09,57,l&t,IT
2020-02-16,51,l&t,IT
2020-02-23,54,l&t,IT
2020-03-01,54,l&t,IT
2020-03-08,58,l&t,IT
2020-03-15,73,l&t,IT
2020-03-22,66,l&t,IT
2020-03-29,62,l&t,IT
2020-04-05,50,l&t,IT
2020-04-12,57,l&t,IT
2020-04-19,64,l&t,IT
2020-04-26,57,l&t,IT
2020-05-03,62,l&t,IT
2020-05-10,65,l&t,IT
2020-05-17,62,l&t,IT
2020-05-24,56,l&t,IT
2020-05-31,80,l&t,IT
2020-06-07,70,l&t,IT
2020-06-14,65,l&t,IT
2020-06-21,70,l&t,IT
2020-06-28,65,l&t,IT
2020-07-05,65,l&t,IT
2020-07-12,68,l&t,IT
2020-07-19,73,l&t,IT
2020-07-26,62,l&t,IT
2020-08-02,62,l&t,IT
2020-08-09,70,l&t,IT
2020-08-16,70,l&t,IT
2020-08-23,71,l&t,IT
2020-08-30,69,l&t,IT
2020-09-06,61,l&t,IT
2020-09-13,64,l&t,IT
2020-09-20,58,l&t,IT
2020-09-27,52,l&t,IT
2020-10-04,57,l&t,IT
2020-10-11,56,l&t,IT
2020-10-18,61,l&t,IT
2020-10-25,69,l&t,IT
2020-11-01,61,l&t,IT
2020-11-08,71,l&t,IT
2020-11-15,75,l&t,IT
2020-11-22,77,l&t,IT
2020-11-29,72,l&t,IT
2020-12-06,75,l&t,IT
2020-12-13,75,l&t,IT
2020-12-20,70,l&t,IT
2020-12-27,70,l&t,IT
2021-01-03,77,l&t,IT
2021-01-10,72,l&t,IT
2021-01-17,83,l&t,IT
2021-01-24,73,l&t,IT
2021-01-31,100,l&t,IT
2021-02-07,80,l&t,IT
2021-02-14,71,l&t,IT
2021-02-21,75,l&t,IT
2021-02-28,69,l&t,IT
2021-03-07,61,l&t,IT
2021-03-14,59,l&t,IT
2021-03-21,56,l&t,IT
2021-03-28,51,l&t,IT
2021-04-04,56,l&t,IT
2021-04-11,49,l&t,IT
2021-04-18,44,l&t,IT
2021-04-25,45,l&t,IT
2021-05-02,57,l&t,IT
2021-05-09,56,l&t,IT
2021-05-16,58,l&t,IT
2021-05-23,64,l&t,IT
2021-05-30,68,l&t,IT
2021-06-06,71,l&t,IT
2021-06-13,56,l&t,IT
2021-06-20,53,l&t,IT
2021-06-27,56,l&t,IT
2021-07-04,56,l&t,IT
2021-07-11,66,l&t,IT
2021-07-18,56,l&t,IT
2021-07-25,59,l&t,IT
2021-08-01,57,l&t,IT
2021-08-08,56,l&t,IT
2021-08-15,54,l&t,IT
2021-08-22,56,l&t,IT
2021-08-29,60,l&t,IT
2021-09-05,51,l&t,IT
2021-09-12,53,l&t,IT
2021-09-19,56,l&t,IT
2021-09-26,54,l&t,IT
2021-10-03,55,l&t,IT
2021-10-10,49,l&t,IT
2021-10-17,66,l&t,IT
2021-10-24,61,l&t,IT
2021-10-31,49,l&t,IT
2021-11-07,59,l&t,IT
2021-11-14,50,l&t,IT
2021-11-21,54,l&t,IT
2021-11-28,55,l&t,IT
2021-12-05,54,l&t,IT
2021-12-12,49,l&t,IT
2021-12-19,57,l&t,IT
2021-12-26,49,l&t,IT
2022-01-02,55,l&t,IT
2022-01-09,52,l&t,IT
2022-01-16,56,l&t,IT
2022-01-23,57,l&t,IT
2022-01-30,66,l&t,IT
2022-02-06,54,l&t,IT
2022-02-13,52,l&t,IT
2022-02-20,52,l&t,IT
2022-02-27,50,l&t,IT
2022-03-06,54,l&t,IT
2022-03-13,47,l&t,IT
2022-03-20,46,l&t,IT
2019-03-31,28,nestle,FMCG
2019-04-07,24,nestle,FMCG
2019-04-14,25,nestle,FMCG
2019-04-21,28,nestle,FMCG
2019-04-28,24,nestle,FMCG
2019-05-05,27,nestle,FMCG
2019-05-12,27,nestle,FMCG
2019-05-19,24,nestle,FMCG
2019-05-26,25,nestle,FMCG
2019-06-02,24,nestle,FMCG
2019-06-09,27,nestle,FMCG
2019-06-16,24,nestle,FMCG
2019-06-23,25,nestle,FMCG
2019-06-30,25,nestle,FMCG
2019-07-07,26,nestle,FMCG
2019-07-14,31,nestle,FMCG
2019-07-21,29,nestle,FMCG
2019-07-28,30,nestle,FMCG
2019-08-04,32,nestle,FMCG
2019-08-11,29,nestle,FMCG
2019-08-18,35,nestle,FMCG
2019-08-25,43,nestle,FMCG
2019-09-01,31,nestle,FMCG
2019-09-08,33,nestle,FMCG
2019-09-15,33,nestle,FMCG
2019-09-22,38,nestle,FMCG
2019-09-29,32,nestle,FMCG
2019-10-06,30,nestle,FMCG
2019-10-13,34,nestle,FMCG
2019-10-20,31,nestle,FMCG
2019-10-27,32,nestle,FMCG
2019-11-03,34,nestle,FMCG
2019-11-10,30,nestle,FMCG
2019-11-17,34,nestle,FMCG
2019-11-24,31,nestle,FMCG
2019-12-01,34,nestle,FMCG
2019-12-08,31,nestle,FMCG
2019-12-15,32,nestle,FMCG
2019-12-22,32,nestle,FMCG
2019-12-29,30,nestle,FMCG
2020-01-05,32,nestle,FMCG
2020-01-12,36,nestle,FMCG
2020-01-19,33,nestle,FMCG
2020-01-26,36,nestle,FMCG
2020-02-02,42,nestle,FMCG
2020-02-09,43,nestle,FMCG
2020-02-16,35,nestle,FMCG
2020-02-23,37,nestle,FMCG
2020-03-01,39,nestle,FMCG
2020-03-08,43,nestle,FMCG
2020-03-15,55,nestle,FMCG
2020-03-22,58,nestle,FMCG
2020-03-29,57,nestle,FMCG
2020-04-05,60,nestle,FMCG
2020-04-12,59,nestle,FMCG
2020-04-19,61,nestle,FMCG
2020-04-26,56,nestle,FMCG
2020-05-03,61,nestle,FMCG
2020-05-10,91,nestle,FMCG
2020-05-17,61,nestle,FMCG
2020-05-24,57,nestle,FMCG
2020-05-31,61,nestle,FMCG
2020-06-07,57,nestle,FMCG
2020-06-14,55,nestle,FMCG
2020-06-21,57,nestle,FMCG
2020-06-28,55,nestle,FMCG
2020-07-05,55,nestle,FMCG
2020-07-12,46,nestle,FMCG
2020-07-19,45,nestle,FMCG
2020-07-26,61,nestle,FMCG
2020-08-02,44,nestle,FMCG
2020-08-09,45,nestle,FMCG
2020-08-16,45,nestle,FMCG
2020-08-23,52,nestle,FMCG
2020-08-30,49,nestle,FMCG
2020-09-06,43,nestle,FMCG
2020-09-13,41,nestle,FMCG
2020-09-20,47,nestle,FMCG
2020-09-27,38,nestle,FMCG
2020-10-04,33,nestle,FMCG
2020-10-11,38,nestle,FMCG
2020-10-18,39,nestle,FMCG
2020-10-25,48,nestle,FMCG
2020-11-01,37,nestle,FMCG
2020-11-08,40,nestle,FMCG
2020-11-15,41,nestle,FMCG
2020-11-22,43,nestle,FMCG
2020-11-29,44,nestle,FMCG
2020-12-06,44,nestle,FMCG
2020-12-13,45,nestle,FMCG
2020-12-20,42,nestle,FMCG
2020-12-27,38,nestle,FMCG
2021-01-03,40,nestle,FMCG
2021-01-10,39,nestle,FMCG
2021-01-17,39,nestle,FMCG
2021-01-24,38,nestle,FMCG
2021-01-31,41,nestle,FMCG
2021-02-07,42,nestle,FMCG
2021-02-14,56,nestle,FMCG
2021-02-21,49,nestle,FMCG
2021-02-28,42,nestle,FMCG
2021-03-07,35,nestle,FMCG
2021-03-14,40,nestle,FMCG
2021-03-21,38,nestle,FMCG
2021-03-28,36,nestle,FMCG
2021-04-04,42,nestle,FMCG
2021-04-11,38,nestle,FMCG
2021-04-18,50,nestle,FMCG
2021-04-25,42,nestle,FMCG
2021-05-02,41,nestle,FMCG
2021-05-09,42,nestle,FMCG
2021-05-16,50,nestle,FMCG
2021-05-23,43,nestle,FMCG
2021-05-30,100,nestle,FMCG
2021-06-06,56,nestle,FMCG
2021-06-13,42,nestle,FMCG
2021-06-20,40,nestle,FMCG
2021-06-27,36,nestle,FMCG
2021-07-04,35,nestle,FMCG
2021-07-11,36,nestle,FMCG
2021-07-18,36,nestle,FMCG
2021-07-25,37,nestle,FMCG
2021-08-01,31,nestle,FMCG
2021-08-08,35,nestle,FMCG
2021-08-15,38,nestle,FMCG
2021-08-22,43,nestle,FMCG
2021-08-29,35,nestle,FMCG
2021-09-05,39,nestle,FMCG
2021-09-12,38,nestle,FMCG
2021-09-19,36,nestle,FMCG
2021-09-26,33,nestle,FMCG
2021-10-03,37,nestle,FMCG
2021-10-10,31,nestle,FMCG
2021-10-17,44,nestle,FMCG
2021-10-24,34,nestle,FMCG
2021-10-31,32,nestle,FMCG
2021-11-07,35,nestle,FMCG
2021-11-14,34,nestle,FMCG
2021-11-21,33,nestle,FMCG
2021-11-28,34,nestle,FMCG
2021-12-05,31,nestle,FMCG
2021-12-12,33,nestle,FMCG
2021-12-19,36,nestle,FMCG
2021-12-26,28,nestle,FMCG
2022-01-02,31,nestle,FMCG
2022-01-09,29,nestle,FMCG
2022-01-16,33,nestle,FMCG
2022-01-23,35,nestle,FMCG
2022-01-30,33,nestle,FMCG
2022-02-06,36,nestle,FMCG
2022-02-13,42,nestle,FMCG
2022-02-20,37,nestle,FMCG
2022-02-27,33,nestle,FMCG
2022-03-06,35,nestle,FMCG
2022-03-13,36,nestle,FMCG
2022-03-20,33,nestle,FMCG
2019-03-31,41,dabur,FMCG
2019-04-07,39,dabur,FMCG
2019-04-14,35,dabur,FMCG
2019-04-21,37,dabur,FMCG
2019-04-28,41,dabur,FMCG
2019-05-05,39,dabur,FMCG
2019-05-12,39,dabur,FMCG
2019-05-19,44,dabur,FMCG
2019-05-26,37,dabur,FMCG
2019-06-02,36,dabur,FMCG
2019-06-09,37,dabur,FMCG
2019-06-16,37,dabur,FMCG
2019-06-23,40,dabur,FMCG
2019-06-30,36,dabur,FMCG
2019-07-07,37,dabur,FMCG
2019-07-14,43,dabur,FMCG
2019-07-21,42,dabur,FMCG
2019-07-28,39,dabur,FMCG
2019-08-04,39,dabur,FMCG
2019-08-11,36,dabur,FMCG
2019-08-18,41,dabur,FMCG
2019-08-25,39,dabur,FMCG
2019-09-01,39,dabur,FMCG
2019-09-08,41,dabur,FMCG
2019-09-15,43,dabur,FMCG
2019-09-22,40,dabur,FMCG
2019-09-29,32,dabur,FMCG
2019-10-06,36,dabur,FMCG
2019-10-13,38,dabur,FMCG
2019-10-20,40,dabur,FMCG
2019-10-27,42,dabur,FMCG
2019-11-03,53,dabur,FMCG
2019-11-10,45,dabur,FMCG
2019-11-17,51,dabur,FMCG
2019-11-24,52,dabur,FMCG
2019-12-01,49,dabur,FMCG
2019-12-08,48,dabur,FMCG
2019-12-15,46,dabur,FMCG
2019-12-22,43,dabur,FMCG
2019-12-29,42,dabur,FMCG
2020-01-05,42,dabur,FMCG
2020-01-12,50,dabur,FMCG
2020-01-19,49,dabur,FMCG
2020-01-26,53,dabur,FMCG
2020-02-02,52,dabur,FMCG
2020-02-09,46,dabur,FMCG
2020-02-16,44,dabur,FMCG
2020-02-23,41,dabur,FMCG
2020-03-01,49,dabur,FMCG
2020-03-08,44,dabur,FMCG
2020-03-15,58,dabur,FMCG
2020-03-22,58,dabur,FMCG
2020-03-29,56,dabur,FMCG
2020-04-05,62,dabur,FMCG
2020-04-12,71,dabur,FMCG
2020-04-19,78,dabur,FMCG
2020-04-26,79,dabur,FMCG
2020-05-03,78,dabur,FMCG
2020-05-10,91,dabur,FMCG
2020-05-17,84,dabur,FMCG
2020-05-24,95,dabur,FMCG
2020-05-31,99,dabur,FMCG
2020-06-07,94,dabur,FMCG
2020-06-14,89,dabur,FMCG
2020-06-21,97,dabur,FMCG
2020-06-28,91,dabur,FMCG
2020-07-05,88,dabur,FMCG
2020-07-12,100,dabur,FMCG
2020-07-19,96,dabur,FMCG
2020-07-26,97,dabur,FMCG
2020-08-02,83,dabur,FMCG
2020-08-09,81,dabur,FMCG
2020-08-16,77,dabur,FMCG
2020-08-23,77,dabur,FMCG
2020-08-30,76,dabur,FMCG
2020-09-06,73,dabur,FMCG
2020-09-13,79,dabur,FMCG
2020-09-20,67,dabur,FMCG
2020-09-27,70,dabur,FMCG
2020-10-04,95,dabur,FMCG
2020-10-11,75,dabur,FMCG
2020-10-18,69,dabur,FMCG
2020-10-25,66,dabur,FMCG
2020-11-01,73,dabur,FMCG
2020-11-08,74,dabur,FMCG
2020-11-15,82,dabur,FMCG
2020-11-22,85,dabur,FMCG
2020-11-29,86,dabur,FMCG
2020-12-06,89,dabur,FMCG
2020-12-13,80,dabur,FMCG
2020-12-20,80,dabur,FMCG
2020-12-27,77,dabur,FMCG
2021-01-03,76,dabur,FMCG
2021-01-10,68,dabur,FMCG
2021-01-17,61,dabur,FMCG
2021-01-24,59,dabur,FMCG
2021-01-31,70,dabur,FMCG
2021-02-07,60,dabur,FMCG
2021-02-14,64,dabur,FMCG
2021-02-21,71,dabur,FMCG
2021-02-28,62,dabur,FMCG
2021-03-07,59,dabur,FMCG
2021-03-14,52,dabur,FMCG
2021-03-21,55,dabur,FMCG
2021-03-28,47,dabur,FMCG
2021-04-04,59,dabur,FMCG
2021-04-11,66,dabur,FMCG
2021-04-18,81,dabur,FMCG
2021-04-25,82,dabur,FMCG
2021-05-02,96,dabur,FMCG
2021-05-09,91,dabur,FMCG
2021-05-16,85,dabur,FMCG
2021-05-23,85,dabur,FMCG
2021-05-30,73,dabur,FMCG
2021-06-06,70,dabur,FMCG
2021-06-13,66,dabur,FMCG
2021-06-20,62,dabur,FMCG
2021-06-27,64,dabur,FMCG
2021-07-04,60,dabur,FMCG
2021-07-11,54,dabur,FMCG
2021-07-18,55,dabur,FMCG
2021-07-25,54,dabur,FMCG
2021-08-01,64,dabur,FMCG
2021-08-08,59,dabur,FMCG
2021-08-15,54,dabur,FMCG
2021-08-22,58,dabur,FMCG
2021-08-29,62,dabur,FMCG
2021-09-05,54,dabur,FMCG
2021-09-12,59,dabur,FMCG
2021-09-19,53,dabur,FMCG
2021-09-26,54,dabur,FMCG
2021-10-03,55,dabur,FMCG
2021-10-10,52,dabur,FMCG
2021-10-17,58,dabur,FMCG
2021-10-24,67,dabur,FMCG
2021-10-31,56,dabur,FMCG
2021-11-07,64,dabur,FMCG
2021-11-14,52,dabur,FMCG
2021-11-21,55,dabur,FMCG
2021-11-28,59,dabur,FMCG
2021-12-05,56,dabur,FMCG
2021-12-12,55,dabur,FMCG
2021-12-19,58,dabur,FMCG
2021-12-26,55,dabur,FMCG
2022-01-02,58,dabur,FMCG
2022-01-09,59,dabur,FMCG
2022-01-16,56,dabur,FMCG
2022-01-23,60,dabur,FMCG
2022-01-30,61,dabur,FMCG
2022-02-06,48,dabur,FMCG
2022-02-13,47,dabur,FMCG
2022-02-20,48,dabur,FMCG
2022-02-27,48,dabur,FMCG
2022-03-06,46,dabur,FMCG
2022-03-13,49,dabur,FMCG
2022-03-20,48,dabur,FMCG
2019-03-31,21,itc,FMCG
2019-04-07,22,itc,FMCG
2019-04-14,22,itc,FMCG
2019-04-21,21,itc,FMCG
2019-04-28,18,itc,FMCG
2019-05-05,24,itc,FMCG
2019-05-12,31,itc,FMCG
2019-05-19,26,itc,FMCG
2019-05-26,25,itc,FMCG
2019-06-02,25,itc,FMCG
2019-06-09,28,itc,FMCG
2019-06-16,26,itc,FMCG
2019-06-23,24,itc,FMCG
2019-06-30,23,itc,FMCG
2019-07-07,25,itc,FMCG
2019-07-14,26,itc,FMCG
2019-07-21,26,itc,FMCG
2019-07-28,27,itc,FMCG
2019-08-04,27,itc,FMCG
2019-08-11,25,itc,FMCG
2019-08-18,32,itc,FMCG
2019-08-25,31,itc,FMCG
2019-09-01,24,itc,FMCG
2019-09-08,26,itc,FMCG
2019-09-15,31,itc,FMCG
2019-09-22,32,itc,FMCG
2019-09-29,27,itc,FMCG
2019-10-06,29,itc,FMCG
2019-10-13,29,itc,FMCG
2019-10-20,31,itc,FMCG
2019-10-27,32,itc,FMCG
2019-11-03,31,itc,FMCG
2019-11-10,30,itc,FMCG
2019-11-17,33,itc,FMCG
2019-11-24,30,itc,FMCG
2019-12-01,31,itc,FMCG
2019-12-08,31,itc,FMCG
2019-12-15,32,itc,FMCG
2019-12-22,28,itc,FMCG
2019-12-29,29,itc,FMCG
2020-01-05,29,itc,FMCG
2020-01-12,29,itc,FMCG
2020-01-19,30,itc,FMCG
2020-01-26,36,itc,FMCG
2020-02-02,42,itc,FMCG
2020-02-09,35,itc,FMCG
2020-02-16,36,itc,FMCG
2020-02-23,44,itc,FMCG
2020-03-01,35,itc,FMCG
2020-03-08,40,itc,FMCG
2020-03-15,47,itc,FMCG
2020-03-22,44,itc,FMCG
2020-03-29,40,itc,FMCG
2020-04-05,35,itc,FMCG
2020-04-12,36,itc,FMCG
2020-04-19,37,itc,FMCG
2020-04-26,32,itc,FMCG
2020-05-03,50,itc,FMCG
2020-05-10,46,itc,FMCG
2020-05-17,45,itc,FMCG
2020-05-24,47,itc,FMCG
2020-05-31,44,itc,FMCG
2020-06-07,41,itc,FMCG
2020-06-14,38,itc,FMCG
2020-06-21,65,itc,FMCG
2020-06-28,59,itc,FMCG
2020-07-05,52,itc,FMCG
2020-07-12,42,itc,FMCG
2020-07-19,49,itc,FMCG
2020-07-26,39,itc,FMCG
2020-08-02,36,itc,FMCG
2020-08-09,41,itc,FMCG
2020-08-16,37,itc,FMCG
2020-08-23,41,itc,FMCG
2020-08-30,45,itc,FMCG
2020-09-06,44,itc,FMCG
2020-09-13,48,itc,FMCG
2020-09-20,47,itc,FMCG
2020-09-27,38,itc,FMCG
2020-10-04,41,itc,FMCG
2020-10-11,44,itc,FMCG
2020-10-18,39,itc,FMCG
2020-10-25,37,itc,FMCG
2020-11-01,43,itc,FMCG
2020-11-08,56,itc,FMCG
2020-11-15,51,itc,FMCG
2020-11-22,51,itc,FMCG
2020-11-29,43,itc,FMCG
2020-12-06,63,itc,FMCG
2020-12-13,54,itc,FMCG
2020-12-20,48,itc,FMCG
2020-12-27,48,itc,FMCG
2021-01-03,58,itc,FMCG
2021-01-10,60,itc,FMCG
2021-01-17,58,itc,FMCG
2021-01-24,48,itc,FMCG
2021-01-31,83,itc,FMCG
2021-02-07,98,itc,FMCG
2021-02-14,64,itc,FMCG
2021-02-21,64,itc,FMCG
2021-02-28,53,itc,FMCG
2021-03-07,48,itc,FMCG
2021-03-14,78,itc,FMCG
2021-03-21,61,itc,FMCG
2021-03-28,44,itc,FMCG
2021-04-04,47,itc,FMCG
2021-04-11,41,itc,FMCG
2021-04-18,39,itc,FMCG
2021-04-25,38,itc,FMCG
2021-05-02,44,itc,FMCG
2021-05-09,46,itc,FMCG
2021-05-16,58,itc,FMCG
2021-05-23,53,itc,FMCG
2021-05-30,100,itc,FMCG
2021-06-06,74,itc,FMCG
2021-06-13,58,itc,FMCG
2021-06-20,49,itc,FMCG
2021-06-27,51,itc,FMCG
2021-07-04,48,itc,FMCG
2021-07-11,56,itc,FMCG
2021-07-18,58,itc,FMCG
2021-07-25,58,itc,FMCG
2021-08-01,52,itc,FMCG
2021-08-08,54,itc,FMCG
2021-08-15,45,itc,FMCG
2021-08-22,44,itc,FMCG
2021-08-29,44,itc,FMCG
2021-09-05,43,itc,FMCG
2021-09-12,89,itc,FMCG
2021-09-19,82,itc,FMCG
2021-09-26,49,itc,FMCG
2021-10-03,46,itc,FMCG
2021-10-10,55,itc,FMCG
2021-10-17,78,itc,FMCG
2021-10-24,63,itc,FMCG
2021-10-31,43,itc,FMCG
2021-11-07,50,itc,FMCG
2021-11-14,50,itc,FMCG
2021-11-21,51,itc,FMCG
2021-11-28,44,itc,FMCG
2021-12-05,53,itc,FMCG
2021-12-12,62,itc,FMCG
2021-12-19,53,itc,FMCG
2021-12-26,44,itc,FMCG
2022-01-02,39,itc,FMCG
2022-01-09,39,itc,FMCG
2022-01-16,39,itc,FMCG
2022-01-23,40,itc,FMCG
2022-01-30,58,itc,FMCG
2022-02-06,46,itc,FMCG
2022-02-13,44,itc,FMCG
2022-02-20,44,itc,FMCG
2022-02-27,41,itc,FMCG
2022-03-06,43,itc,FMCG
2022-03-13,45,itc,FMCG
2022-03-20,46,itc,FMCG
2019-03-31,73,godrej,FMCG
2019-04-07,74,godrej,FMCG
2019-04-14,72,godrej,FMCG
2019-04-21,67,godrej,FMCG
2019-04-28,73,godrej,FMCG
2019-05-05,74,godrej,FMCG
2019-05-12,76,godrej,FMCG
2019-05-19,67,godrej,FMCG
2019-05-26,73,godrej,FMCG
2019-06-02,70,godrej,FMCG
2019-06-09,72,godrej,FMCG
2019-06-16,63,godrej,FMCG
2019-06-23,65,godrej,FMCG
2019-06-30,62,godrej,FMCG
2019-07-07,64,godrej,FMCG
2019-07-14,63,godrej,FMCG
2019-07-21,66,godrej,FMCG
2019-07-28,63,godrej,FMCG
2019-08-04,65,godrej,FMCG
2019-08-11,64,godrej,FMCG
2019-08-18,66,godrej,FMCG
2019-08-25,65,godrej,FMCG
2019-09-01,65,godrej,FMCG
2019-09-08,69,godrej,FMCG
2019-09-15,68,godrej,FMCG
2019-09-22,70,godrej,FMCG
2019-09-29,76,godrej,FMCG
2019-10-06,71,godrej,FMCG
2019-10-13,74,godrej,FMCG
2019-10-20,75,godrej,FMCG
2019-10-27,66,godrej,FMCG
2019-11-03,69,godrej,FMCG
2019-11-10,64,godrej,FMCG
2019-11-17,64,godrej,FMCG
2019-11-24,65,godrej,FMCG
2019-12-01,63,godrej,FMCG
2019-12-08,61,godrej,FMCG
2019-12-15,61,godrej,FMCG
2019-12-22,60,godrej,FMCG
2019-12-29,61,godrej,FMCG
2020-01-05,65,godrej,FMCG
2020-01-12,63,godrej,FMCG
2020-01-19,65,godrej,FMCG
2020-01-26,69,godrej,FMCG
2020-02-02,67,godrej,FMCG
2020-02-09,69,godrej,FMCG
2020-02-16,76,godrej,FMCG
2020-02-23,69,godrej,FMCG
2020-03-01,72,godrej,FMCG
2020-03-08,69,godrej,FMCG
2020-03-15,72,godrej,FMCG
2020-03-22,42,godrej,FMCG
2020-03-29,43,godrej,FMCG
2020-04-05,45,godrej,FMCG
2020-04-12,54,godrej,FMCG
2020-04-19,53,godrej,FMCG
2020-04-26,55,godrej,FMCG
2020-05-03,71,godrej,FMCG
2020-05-10,84,godrej,FMCG
2020-05-17,87,godrej,FMCG
2020-05-24,100,godrej,FMCG
2020-05-31,89,godrej,FMCG
2020-06-07,91,godrej,FMCG
2020-06-14,89,godrej,FMCG
2020-06-21,90,godrej,FMCG
2020-06-28,86,godrej,FMCG
2020-07-05,83,godrej,FMCG
2020-07-12,77,godrej,FMCG
2020-07-19,78,godrej,FMCG
2020-07-26,76,godrej,FMCG
2020-08-02,79,godrej,FMCG
2020-08-09,80,godrej,FMCG
2020-08-16,82,godrej,FMCG
2020-08-23,86,godrej,FMCG
2020-08-30,82,godrej,FMCG
2020-09-06,75,godrej,FMCG
2020-09-13,76,godrej,FMCG
2020-09-20,73,godrej,FMCG
2020-09-27,68,godrej,FMCG
2020-10-04,70,godrej,FMCG
2020-10-11,73,godrej,FMCG
2020-10-18,78,godrej,FMCG
2020-10-25,80,godrej,FMCG
2020-11-01,81,godrej,FMCG
2020-11-08,87,godrej,FMCG
2020-11-15,85,godrej,FMCG
2020-11-22,74,godrej,FMCG
2020-11-29,73,godrej,FMCG
2020-12-06,73,godrej,FMCG
2020-12-13,73,godrej,FMCG
2020-12-20,73,godrej,FMCG
2020-12-27,74,godrej,FMCG
2021-01-03,74,godrej,FMCG
2021-01-10,71,godrej,FMCG
2021-01-17,76,godrej,FMCG
2021-01-24,78,godrej,FMCG
2021-01-31,77,godrej,FMCG
2021-02-07,77,godrej,FMCG
2021-02-14,75,godrej,FMCG
2021-02-21,79,godrej,FMCG
2021-02-28,82,godrej,FMCG
2021-03-07,80,godrej,FMCG
2021-03-14,78,godrej,FMCG
2021-03-21,81,godrej,FMCG
2021-03-28,85,godrej,FMCG
2021-04-04,78,godrej,FMCG
2021-04-11,68,godrej,FMCG
2021-04-18,56,godrej,FMCG
2021-04-25,55,godrej,FMCG
2021-05-02,60,godrej,FMCG
2021-05-09,84,godrej,FMCG
2021-05-16,71,godrej,FMCG
2021-05-23,71,godrej,FMCG
2021-05-30,78,godrej,FMCG
2021-06-06,80,godrej,FMCG
2021-06-13,77,godrej,FMCG
2021-06-20,77,godrej,FMCG
2021-06-27,82,godrej,FMCG
2021-07-04,84,godrej,FMCG
2021-07-11,78,godrej,FMCG
2021-07-18,73,godrej,FMCG
2021-07-25,72,godrej,FMCG
2021-08-01,77,godrej,FMCG
2021-08-08,76,godrej,FMCG
2021-08-15,73,godrej,FMCG
2021-08-22,73,godrej,FMCG
2021-08-29,71,godrej,FMCG
2021-09-05,66,godrej,FMCG
2021-09-12,67,godrej,FMCG
2021-09-19,75,godrej,FMCG
2021-09-26,68,godrej,FMCG
2021-10-03,71,godrej,FMCG
2021-10-10,71,godrej,FMCG
2021-10-17,73,godrej,FMCG
2021-10-24,72,godrej,FMCG
2021-10-31,67,godrej,FMCG
2021-11-07,71,godrej,FMCG
2021-11-14,68,godrej,FMCG
2021-11-21,66,godrej,FMCG
2021-11-28,64,godrej,FMCG
2021-12-05,64,godrej,FMCG
2021-12-12,63,godrej,FMCG
2021-12-19,63,godrej,FMCG
2021-12-26,56,godrej,FMCG
2022-01-02,57,godrej,FMCG
2022-01-09,56,godrej,FMCG
2022-01-16,59,godrej,FMCG
2022-01-23,63,godrej,FMCG
2022-01-30,77,godrej,FMCG
2022-02-06,72,godrej,FMCG
2022-02-13,69,godrej,FMCG
2022-02-20,67,godrej,FMCG
2022-02-27,66,godrej,FMCG
2022-03-06,72,godrej,FMCG
2022-03-13,73,godrej,FMCG
2022-03-20,92,godrej,FMCG
2019-03-31,27,britannia,FMCG
2019-04-07,27,britannia,FMCG
2019-04-14,25,britannia,FMCG
2019-04-21,29,britannia,FMCG
2019-04-28,40,britannia,FMCG
2019-05-05,40,britannia,FMCG
2019-05-12,38,britannia,FMCG
2019-05-19,35,britannia,FMCG
2019-05-26,32,britannia,FMCG
2019-06-02,31,britannia,FMCG
2019-06-09,29,britannia,FMCG
2019-06-16,28,britannia,FMCG
2019-06-23,32,britannia,FMCG
2019-06-30,27,britannia,FMCG
2019-07-07,25,britannia,FMCG
2019-07-14,27,britannia,FMCG
2019-07-21,29,britannia,FMCG
2019-07-28,32,britannia,FMCG
2019-08-04,32,britannia,FMCG
2019-08-11,29,britannia,FMCG
2019-08-18,44,britannia,FMCG
2019-08-25,39,britannia,FMCG
2019-09-01,33,britannia,FMCG
2019-09-08,29,britannia,FMCG
2019-09-15,36,britannia,FMCG
2019-09-22,38,britannia,FMCG
2019-09-29,28,britannia,FMCG
2019-10-06,31,britannia,FMCG
2019-10-13,31,britannia,FMCG
2019-10-20,25,britannia,FMCG
2019-10-27,24,britannia,FMCG
2019-11-03,25,britannia,FMCG
2019-11-10,35,britannia,FMCG
2019-11-17,30,britannia,FMCG
2019-11-24,28,britannia,FMCG
2019-12-01,27,britannia,FMCG
2019-12-08,25,britannia,FMCG
2019-12-15,26,britannia,FMCG
2019-12-22,23,britannia,FMCG
2019-12-29,27,britannia,FMCG
2020-01-05,28,britannia,FMCG
2020-01-12,29,britannia,FMCG
2020-01-19,27,britannia,FMCG
2020-01-26,31,britannia,FMCG
2020-02-02,32,britannia,FMCG
2020-02-09,31,britannia,FMCG
2020-02-16,25,britannia,FMCG
2020-02-23,26,britannia,FMCG
2020-03-01,29,britannia,FMCG
2020-03-08,32,britannia,FMCG
2020-03-15,36,britannia,FMCG
2020-03-22,38,britannia,FMCG
2020-03-29,45,britannia,FMCG
2020-04-05,46,britannia,FMCG
2020-04-12,46,britannia,FMCG
2020-04-19,57,britannia,FMCG
2020-04-26,61,britannia,FMCG
2020-05-03,49,britannia,FMCG
2020-05-10,50,britannia,FMCG
2020-05-17,41,britannia,FMCG
2020-05-24,45,britannia,FMCG
2020-05-31,65,britannia,FMCG
2020-06-07,44,britannia,FMCG
2020-06-14,43,britannia,FMCG
2020-06-21,37,britannia,FMCG
2020-06-28,41,britannia,FMCG
2020-07-05,41,britannia,FMCG
2020-07-12,65,britannia,FMCG
2020-07-19,66,britannia,FMCG
2020-07-26,41,britannia,FMCG
2020-08-02,41,britannia,FMCG
2020-08-09,45,britannia,FMCG
2020-08-16,53,britannia,FMCG
2020-08-23,46,britannia,FMCG
2020-08-30,44,britannia,FMCG
2020-09-06,38,britannia,FMCG
2020-09-13,39,britannia,FMCG
2020-09-20,36,britannia,FMCG
2020-09-27,31,britannia,FMCG
2020-10-04,39,britannia,FMCG
2020-10-11,31,britannia,FMCG
2020-10-18,73,britannia,FMCG
2020-10-25,36,britannia,FMCG
2020-11-01,39,britannia,FMCG
2020-11-08,37,britannia,FMCG
2020-11-15,40,britannia,FMCG
2020-11-22,36,britannia,FMCG
2020-11-29,32,britannia,FMCG
2020-12-06,38,britannia,FMCG
2020-12-13,38,britannia,FMCG
2020-12-20,38,britannia,FMCG
2020-12-27,40,britannia,FMCG
2021-01-03,43,britannia,FMCG
2021-01-10,42,britannia,FMCG
2021-01-17,38,britannia,FMCG
2021-01-24,36,britannia,FMCG
2021-01-31,48,britannia,FMCG
2021-02-07,56,britannia,FMCG
2021-02-14,44,britannia,FMCG
2021-02-21,43,britannia,FMCG
2021-02-28,38,britannia,FMCG
2021-03-07,33,britannia,FMCG
2021-03-14,34,britannia,FMCG
2021-03-21,36,britannia,FMCG
2021-03-28,39,britannia,FMCG
2021-04-04,45,britannia,FMCG
2021-04-11,34,britannia,FMCG
2021-04-18,32,britannia,FMCG
2021-04-25,46,britannia,FMCG
2021-05-02,42,britannia,FMCG
2021-05-09,44,britannia,FMCG
2021-05-16,55,britannia,FMCG
2021-05-23,100,britannia,FMCG
2021-05-30,60,britannia,FMCG
2021-06-06,51,britannia,FMCG
2021-06-13,40,britannia,FMCG
2021-06-20,36,britannia,FMCG
2021-06-27,37,britannia,FMCG
2021-07-04,35,britannia,FMCG
2021-07-11,39,britannia,FMCG
2021-07-18,33,britannia,FMCG
2021-07-25,42,britannia,FMCG
2021-08-01,40,britannia,FMCG
2021-08-08,33,britannia,FMCG
2021-08-15,36,britannia,FMCG
2021-08-22,41,britannia,FMCG
2021-08-29,36,britannia,FMCG
2021-09-05,32,britannia,FMCG
2021-09-12,31,britannia,FMCG
2021-09-19,30,britannia,FMCG
2021-09-26,29,britannia,FMCG
2021-10-03,30,britannia,FMCG
2021-10-10,31,britannia,FMCG
2021-10-17,34,britannia,FMCG
2021-10-24,32,britannia,FMCG
2021-10-31,23,britannia,FMCG
2021-11-07,38,britannia,FMCG
2021-11-14,31,britannia,FMCG
2021-11-21,30,britannia,FMCG
2021-11-28,28,britannia,FMCG
2021-12-05,31,britannia,FMCG
2021-12-12,27,britannia,FMCG
2021-12-19,30,britannia,FMCG
2021-12-26,26,britannia,FMCG
2022-01-02,29,britannia,FMCG
2022-01-09,28,britannia,FMCG
2022-01-16,26,britannia,FMCG
2022-01-23,29,britannia,FMCG
2022-01-30,30,britannia,FMCG
2022-02-06,31,britannia,FMCG
2022-02-13,28,britannia,FMCG
2022-02-20,28,britannia,FMCG
2022-02-27,28,britannia,FMCG
2022-03-06,34,britannia,FMCG
2022-03-13,29,britannia,FMCG
2022-03-20,28,britannia,FMCG
2019-03-31,90,icici,BANKING
2019-04-07,71,icici,BANKING
2019-04-14,58,icici,BANKING
2019-04-21,57,icici,BANKING
2019-04-28,70,icici,BANKING
2019-05-05,72,icici,BANKING
2019-05-12,70,icici,BANKING
2019-05-19,63,icici,BANKING
2019-05-26,73,icici,BANKING
2019-06-02,73,icici,BANKING
2019-06-09,72,icici,BANKING
2019-06-16,66,icici,BANKING
2019-06-23,71,icici,BANKING
2019-06-30,80,icici,BANKING
2019-07-07,76,icici,BANKING
2019-07-14,80,icici,BANKING
2019-07-21,76,icici,BANKING
2019-07-28,86,icici,BANKING
2019-08-04,79,icici,BANKING
2019-08-11,71,icici,BANKING
2019-08-18,74,icici,BANKING
2019-08-25,84,icici,BANKING
2019-09-01,82,icici,BANKING
2019-09-08,77,icici,BANKING
2019-09-15,80,icici,BANKING
2019-09-22,80,icici,BANKING
2019-09-29,99,icici,BANKING
2019-10-06,82,icici,BANKING
2019-10-13,82,icici,BANKING
2019-10-20,77,icici,BANKING
2019-10-27,78,icici,BANKING
2019-11-03,83,icici,BANKING
2019-11-10,77,icici,BANKING
2019-11-17,76,icici,BANKING
2019-11-24,87,icici,BANKING
2019-12-01,96,icici,BANKING
2019-12-08,86,icici,BANKING
2019-12-15,85,icici,BANKING
2019-12-22,78,icici,BANKING
2019-12-29,94,icici,BANKING
2020-01-05,90,icici,BANKING
2020-01-12,78,icici,BANKING
2020-01-19,83,icici,BANKING
2020-01-26,82,icici,BANKING
2020-02-02,86,icici,BANKING
2020-02-09,82,icici,BANKING
2020-02-16,75,icici,BANKING
2020-02-23,83,icici,BANKING
2020-03-01,94,icici,BANKING
2020-03-08,88,icici,BANKING
2020-03-15,89,icici,BANKING
2020-03-22,62,icici,BANKING
2020-03-29,86,icici,BANKING
2020-04-05,73,icici,BANKING
2020-04-12,67,icici,BANKING
2020-04-19,70,icici,BANKING
2020-04-26,71,icici,BANKING
2020-05-03,85,icici,BANKING
2020-05-10,83,icici,BANKING
2020-05-17,77,icici,BANKING
2020-05-24,80,icici,BANKING
2020-05-31,100,icici,BANKING
2020-06-07,86,icici,BANKING
2020-06-14,77,icici,BANKING
2020-06-21,82,icici,BANKING
2020-06-28,91,icici,BANKING
2020-07-05,86,icici,BANKING
2020-07-12,80,icici,BANKING
2020-07-19,82,icici,BANKING
2020-07-26,88,icici,BANKING
2020-08-02,90,icici,BANKING
2020-08-09,86,icici,BANKING
2020-08-16,83,icici,BANKING
2020-08-23,86,icici,BANKING
2020-08-30,90,icici,BANKING
2020-09-06,84,icici,BANKING
2020-09-13,82,icici,BANKING
2020-09-20,76,icici,BANKING
2020-09-27,83,icici,BANKING
2020-10-04,83,icici,BANKING
2020-10-11,84,icici,BANKING
2020-10-18,77,icici,BANKING
2020-10-25,75,icici,BANKING
2020-11-01,83,icici,BANKING
2020-11-08,88,icici,BANKING
2020-11-15,81,icici,BANKING
2020-11-22,77,icici,BANKING
2020-11-29,90,icici,BANKING
2020-12-06,88,icici,BANKING
2020-12-13,83,icici,BANKING
2020-12-20,80,icici,BANKING
2020-12-27,89,icici,BANKING
2021-01-03,95,icici,BANKING
2021-01-10,84,icici,BANKING
2021-01-17,84,icici,BANKING
2021-01-24,84,icici,BANKING
2021-01-31,100,icici,BANKING
2021-02-07,85,icici,BANKING
2021-02-14,83,icici,BANKING
2021-02-21,87,icici,BANKING
2021-02-28,93,icici,BANKING
2021-03-07,88,icici,BANKING
2021-03-14,84,icici,BANKING
2021-03-21,82,icici,BANKING
2021-03-28,85,icici,BANKING
2021-04-04,84,icici,BANKING
2021-04-11,69,icici,BANKING
2021-04-18,67,icici,BANKING
2021-04-25,70,icici,BANKING
2021-05-02,78,icici,BANKING
2021-05-09,72,icici,BANKING
2021-05-16,69,icici,BANKING
2021-05-23,73,icici,BANKING
2021-05-30,86,icici,BANKING
2021-06-06,78,icici,BANKING
2021-06-13,74,icici,BANKING
2021-06-20,71,icici,BANKING
2021-06-27,85,icici,BANKING
2021-07-04,83,icici,BANKING
2021-07-11,83,icici,BANKING
2021-07-18,73,icici,BANKING
2021-07-25,81,icici,BANKING
2021-08-01,85,icici,BANKING
2021-08-08,77,icici,BANKING
2021-08-15,73,icici,BANKING
2021-08-22,68,icici,BANKING
2021-08-29,79,icici,BANKING
2021-09-05,72,icici,BANKING
2021-09-12,77,icici,BANKING
2021-09-19,68,icici,BANKING
2021-09-26,75,icici,BANKING
2021-10-03,80,icici,BANKING
2021-10-10,72,icici,BANKING
2021-10-17,78,icici,BANKING
2021-10-24,85,icici,BANKING
2021-10-31,74,icici,BANKING
2021-11-07,76,icici,BANKING
2021-11-14,72,icici,BANKING
2021-11-21,71,icici,BANKING
2021-11-28,79,icici,BANKING
2021-12-05,81,icici,BANKING
2021-12-12,81,icici,BANKING
2021-12-19,76,icici,BANKING
2021-12-26,76,icici,BANKING
2022-01-02,80,icici,BANKING
2022-01-09,71,icici,BANKING
2022-01-16,72,icici,BANKING
2022-01-23,72,icici,BANKING
2022-01-30,82,icici,BANKING
2022-02-06,77,icici,BANKING
2022-02-13,76,icici,BANKING
2022-02-20,71,icici,BANKING
2022-02-27,82,icici,BANKING
2022-03-06,76,icici,BANKING
2022-03-13,73,icici,BANKING
2022-03-20,67,icici,BANKING
2019-03-31,81,sbi,BANKING
2019-04-07,67,sbi,BANKING
2019-04-14,62,sbi,BANKING
2019-04-21,58,sbi,BANKING
2019-04-28,67,sbi,BANKING
2019-05-05,61,sbi,BANKING
2019-05-12,64,sbi,BANKING
2019-05-19,56,sbi,BANKING
2019-05-26,63,sbi,BANKING
2019-06-02,67,sbi,BANKING
2019-06-09,63,sbi,BANKING
2019-06-16,60,sbi,BANKING
2019-06-23,61,sbi,BANKING
2019-06-30,67,sbi,BANKING
2019-07-07,63,sbi,BANKING
2019-07-14,66,sbi,BANKING
2019-07-21,76,sbi,BANKING
2019-07-28,73,sbi,BANKING
2019-08-04,70,sbi,BANKING
2019-08-11,62,sbi,BANKING
2019-08-18,63,sbi,BANKING
2019-08-25,68,sbi,BANKING
2019-09-01,72,sbi,BANKING
2019-09-08,63,sbi,BANKING
2019-09-15,64,sbi,BANKING
2019-09-22,63,sbi,BANKING
2019-09-29,80,sbi,BANKING
2019-10-06,67,sbi,BANKING
2019-10-13,68,sbi,BANKING
2019-10-20,71,sbi,BANKING
2019-10-27,72,sbi,BANKING
2019-11-03,67,sbi,BANKING
2019-11-10,65,sbi,BANKING
2019-11-17,62,sbi,BANKING
2019-11-24,67,sbi,BANKING
2019-12-01,77,sbi,BANKING
2019-12-08,65,sbi,BANKING
2019-12-15,66,sbi,BANKING
2019-12-22,60,sbi,BANKING
2019-12-29,80,sbi,BANKING
2020-01-05,74,sbi,BANKING
2020-01-12,66,sbi,BANKING
2020-01-19,71,sbi,BANKING
2020-01-26,68,sbi,BANKING
2020-02-02,72,sbi,BANKING
2020-02-09,75,sbi,BANKING
2020-02-16,66,sbi,BANKING
2020-02-23,77,sbi,BANKING
2020-03-01,100,sbi,BANKING
2020-03-08,87,sbi,BANKING
2020-03-15,88,sbi,BANKING
2020-03-22,56,sbi,BANKING
2020-03-29,78,sbi,BANKING
2020-04-05,68,sbi,BANKING
2020-04-12,65,sbi,BANKING
2020-04-19,60,sbi,BANKING
2020-04-26,66,sbi,BANKING
2020-05-03,78,sbi,BANKING
2020-05-10,71,sbi,BANKING
2020-05-17,67,sbi,BANKING
2020-05-24,72,sbi,BANKING
2020-05-31,84,sbi,BANKING
2020-06-07,83,sbi,BANKING
2020-06-14,73,sbi,BANKING
2020-06-21,71,sbi,BANKING
2020-06-28,83,sbi,BANKING
2020-07-05,80,sbi,BANKING
2020-07-12,73,sbi,BANKING
2020-07-19,71,sbi,BANKING
2020-07-26,77,sbi,BANKING
2020-08-02,88,sbi,BANKING
2020-08-09,85,sbi,BANKING
2020-08-16,77,sbi,BANKING
2020-08-23,74,sbi,BANKING
2020-08-30,81,sbi,BANKING
2020-09-06,73,sbi,BANKING
2020-09-13,75,sbi,BANKING
2020-09-20,70,sbi,BANKING
2020-09-27,76,sbi,BANKING
2020-10-04,75,sbi,BANKING
2020-10-11,77,sbi,BANKING
2020-10-18,77,sbi,BANKING
2020-10-25,67,sbi,BANKING
2020-11-01,76,sbi,BANKING
2020-11-08,79,sbi,BANKING
2020-11-15,79,sbi,BANKING
2020-11-22,70,sbi,BANKING
2020-11-29,96,sbi,BANKING
2020-12-06,77,sbi,BANKING
2020-12-13,72,sbi,BANKING
2020-12-20,74,sbi,BANKING
2020-12-27,81,sbi,BANKING
2021-01-03,78,sbi,BANKING
2021-01-10,72,sbi,BANKING
2021-01-17,77,sbi,BANKING
2021-01-24,73,sbi,BANKING
2021-01-31,90,sbi,BANKING
2021-02-07,74,sbi,BANKING
2021-02-14,73,sbi,BANKING
2021-02-21,74,sbi,BANKING
2021-02-28,81,sbi,BANKING
2021-03-07,75,sbi,BANKING
2021-03-14,69,sbi,BANKING
2021-03-21,69,sbi,BANKING
2021-03-28,77,sbi,BANKING
2021-04-04,77,sbi,BANKING
2021-04-11,59,sbi,BANKING
2021-04-18,49,sbi,BANKING
2021-04-25,55,sbi,BANKING
2021-05-02,61,sbi,BANKING
2021-05-09,58,sbi,BANKING
2021-05-16,59,sbi,BANKING
2021-05-23,57,sbi,BANKING
2021-05-30,64,sbi,BANKING
2021-06-06,56,sbi,BANKING
2021-06-13,59,sbi,BANKING
2021-06-20,55,sbi,BANKING
2021-06-27,69,sbi,BANKING
2021-07-04,68,sbi,BANKING
2021-07-11,62,sbi,BANKING
2021-07-18,56,sbi,BANKING
2021-07-25,58,sbi,BANKING
2021-08-01,65,sbi,BANKING
2021-08-08,61,sbi,BANKING
2021-08-15,55,sbi,BANKING
2021-08-22,57,sbi,BANKING
2021-08-29,66,sbi,BANKING
2021-09-05,63,sbi,BANKING
2021-09-12,58,sbi,BANKING
2021-09-19,61,sbi,BANKING
2021-09-26,59,sbi,BANKING
2021-10-03,62,sbi,BANKING
2021-10-10,56,sbi,BANKING
2021-10-17,56,sbi,BANKING
2021-10-24,60,sbi,BANKING
2021-10-31,61,sbi,BANKING
2021-11-07,60,sbi,BANKING
2021-11-14,55,sbi,BANKING
2021-11-21,56,sbi,BANKING
2021-11-28,59,sbi,BANKING
2021-12-05,62,sbi,BANKING
2021-12-12,72,sbi,BANKING
2021-12-19,60,sbi,BANKING
2021-12-26,63,sbi,BANKING
2022-01-02,61,sbi,BANKING
2022-01-09,53,sbi,BANKING
2022-01-16,50,sbi,BANKING
2022-01-23,52,sbi,BANKING
2022-01-30,60,sbi,BANKING
2022-02-06,55,sbi,BANKING
2022-02-13,52,sbi,BANKING
2022-02-20,52,sbi,BANKING
2022-02-27,61,sbi,BANKING
2022-03-06,54,sbi,BANKING
2022-03-13,49,sbi,BANKING
2022-03-20,48,sbi,BANKING
2019-03-31,62,hdfc,BANKING
2019-04-07,53,hdfc,BANKING
2019-04-14,46,hdfc,BANKING
2019-04-21,46,hdfc,BANKING
2019-04-28,53,hdfc,BANKING
2019-05-05,55,hdfc,BANKING
2019-05-12,51,hdfc,BANKING
2019-05-19,45,hdfc,BANKING
2019-05-26,52,hdfc,BANKING
2019-06-02,57,hdfc,BANKING
2019-06-09,52,hdfc,BANKING
2019-06-16,47,hdfc,BANKING
2019-06-23,50,hdfc,BANKING
2019-06-30,59,hdfc,BANKING
2019-07-07,54,hdfc,BANKING
2019-07-14,54,hdfc,BANKING
2019-07-21,53,hdfc,BANKING
2019-07-28,67,hdfc,BANKING
2019-08-04,61,hdfc,BANKING
2019-08-11,52,hdfc,BANKING
2019-08-18,55,hdfc,BANKING
2019-08-25,62,hdfc,BANKING
2019-09-01,67,hdfc,BANKING
2019-09-08,57,hdfc,BANKING
2019-09-15,61,hdfc,BANKING
2019-09-22,59,hdfc,BANKING
2019-09-29,81,hdfc,BANKING
2019-10-06,61,hdfc,BANKING
2019-10-13,64,hdfc,BANKING
2019-10-20,62,hdfc,BANKING
2019-10-27,66,hdfc,BANKING
2019-11-03,70,hdfc,BANKING
2019-11-10,59,hdfc,BANKING
2019-11-17,59,hdfc,BANKING
2019-11-24,67,hdfc,BANKING
2019-12-01,100,hdfc,BANKING
2019-12-08,71,hdfc,BANKING
2019-12-15,66,hdfc,BANKING
2019-12-22,58,hdfc,BANKING
2019-12-29,78,hdfc,BANKING
2020-01-05,73,hdfc,BANKING
2020-01-12,63,hdfc,BANKING
2020-01-19,64,hdfc,BANKING
2020-01-26,66,hdfc,BANKING
2020-02-02,74,hdfc,BANKING
2020-02-09,65,hdfc,BANKING
2020-02-16,61,hdfc,BANKING
2020-02-23,70,hdfc,BANKING
2020-03-01,86,hdfc,BANKING
2020-03-08,71,hdfc,BANKING
2020-03-15,73,hdfc,BANKING
2020-03-22,48,hdfc,BANKING
2020-03-29,71,hdfc,BANKING
2020-04-05,58,hdfc,BANKING
2020-04-12,56,hdfc,BANKING
2020-04-19,52,hdfc,BANKING
2020-04-26,56,hdfc,BANKING
2020-05-03,67,hdfc,BANKING
2020-05-10,60,hdfc,BANKING
2020-05-17,60,hdfc,BANKING
2020-05-24,64,hdfc,BANKING
2020-05-31,84,hdfc,BANKING
2020-06-07,70,hdfc,BANKING
2020-06-14,64,hdfc,BANKING
2020-06-21,63,hdfc,BANKING
2020-06-28,75,hdfc,BANKING
2020-07-05,72,hdfc,BANKING
2020-07-12,66,hdfc,BANKING
2020-07-19,63,hdfc,BANKING
2020-07-26,68,hdfc,BANKING
2020-08-02,78,hdfc,BANKING
2020-08-09,65,hdfc,BANKING
2020-08-16,61,hdfc,BANKING
2020-08-23,66,hdfc,BANKING
2020-08-30,75,hdfc,BANKING
2020-09-06,72,hdfc,BANKING
2020-09-13,69,hdfc,BANKING
2020-09-20,60,hdfc,BANKING
2020-09-27,68,hdfc,BANKING
2020-10-04,69,hdfc,BANKING
2020-10-11,66,hdfc,BANKING
2020-10-18,64,hdfc,BANKING
2020-10-25,63,hdfc,BANKING
2020-11-01,76,hdfc,BANKING
2020-11-08,72,hdfc,BANKING
2020-11-15,70,hdfc,BANKING
2020-11-22,66,hdfc,BANKING
2020-11-29,79,hdfc,BANKING
2020-12-06,74,hdfc,BANKING
2020-12-13,69,hdfc,BANKING
2020-12-20,65,hdfc,BANKING
2020-12-27,75,hdfc,BANKING
2021-01-03,79,hdfc,BANKING
2021-01-10,71,hdfc,BANKING
2021-01-17,69,hdfc,BANKING
2021-01-24,68,hdfc,BANKING
2021-01-31,79,hdfc,BANKING
2021-02-07,72,hdfc,BANKING
2021-02-14,67,hdfc,BANKING
2021-02-21,67,hdfc,BANKING
2021-02-28,79,hdfc,BANKING
2021-03-07,73,hdfc,BANKING
2021-03-14,67,hdfc,BANKING
2021-03-21,63,hdfc,BANKING
2021-03-28,75,hdfc,BANKING
2021-04-04,72,hdfc,BANKING
2021-04-11,61,hdfc,BANKING
2021-04-18,54,hdfc,BANKING
2021-04-25,56,hdfc,BANKING
2021-05-02,70,hdfc,BANKING
2021-05-09,59,hdfc,BANKING
2021-05-16,57,hdfc,BANKING
2021-05-23,58,hdfc,BANKING
2021-05-30,72,hdfc,BANKING
2021-06-06,69,hdfc,BANKING
2021-06-13,62,hdfc,BANKING
2021-06-20,60,hdfc,BANKING
2021-06-27,70,hdfc,BANKING
2021-07-04,72,hdfc,BANKING
2021-07-11,66,hdfc,BANKING
2021-07-18,58,hdfc,BANKING
2021-07-25,65,hdfc,BANKING
2021-08-01,73,hdfc,BANKING
2021-08-08,64,hdfc,BANKING
2021-08-15,60,hdfc,BANKING
2021-08-22,58,hdfc,BANKING
2021-08-29,67,hdfc,BANKING
2021-09-05,65,hdfc,BANKING
2021-09-12,61,hdfc,BANKING
2021-09-19,55,hdfc,BANKING
2021-09-26,61,hdfc,BANKING
2021-10-03,69,hdfc,BANKING
2021-10-10,59,hdfc,BANKING
2021-10-17,60,hdfc,BANKING
2021-10-24,64,hdfc,BANKING
2021-10-31,65,hdfc,BANKING
2021-11-07,65,hdfc,BANKING
2021-11-14,59,hdfc,BANKING
2021-11-21,57,hdfc,BANKING
2021-11-28,65,hdfc,BANKING
2021-12-05,69,hdfc,BANKING
2021-12-12,67,hdfc,BANKING
2021-12-19,60,hdfc,BANKING
2021-12-26,62,hdfc,BANKING
2022-01-02,69,hdfc,BANKING
2022-01-09,60,hdfc,BANKING
2022-01-16,58,hdfc,BANKING
2022-01-23,58,hdfc,BANKING
2022-01-30,72,hdfc,BANKING
2022-02-06,65,hdfc,BANKING
2022-02-13,61,hdfc,BANKING
2022-02-20,60,hdfc,BANKING
2022-02-27,71,hdfc,BANKING
2022-03-06,68,hdfc,BANKING
2022-03-13,60,hdfc,BANKING
2022-03-20,57,hdfc,BANKING
2019-03-31,76,axis,BANKING
2019-04-07,68,axis,BANKING
2019-04-14,61,axis,BANKING
2019-04-21,60,axis,BANKING
2019-04-28,68,axis,BANKING
2019-05-05,67,axis,BANKING
2019-05-12,64,axis,BANKING
2019-05-19,59,axis,BANKING
2019-05-26,68,axis,BANKING
2019-06-02,69,axis,BANKING
2019-06-09,72,axis,BANKING
2019-06-16,65,axis,BANKING
2019-06-23,64,axis,BANKING
2019-06-30,71,axis,BANKING
2019-07-07,74,axis,BANKING
2019-07-14,78,axis,BANKING
2019-07-21,72,axis,BANKING
2019-07-28,82,axis,BANKING
2019-08-04,77,axis,BANKING
2019-08-11,65,axis,BANKING
2019-08-18,71,axis,BANKING
2019-08-25,81,axis,BANKING
2019-09-01,79,axis,BANKING
2019-09-08,73,axis,BANKING
2019-09-15,80,axis,BANKING
2019-09-22,75,axis,BANKING
2019-09-29,96,axis,BANKING
2019-10-06,74,axis,BANKING
2019-10-13,81,axis,BANKING
2019-10-20,74,axis,BANKING
2019-10-27,77,axis,BANKING
2019-11-03,80,axis,BANKING
2019-11-10,73,axis,BANKING
2019-11-17,73,axis,BANKING
2019-11-24,83,axis,BANKING
2019-12-01,92,axis,BANKING
2019-12-08,85,axis,BANKING
2019-12-15,87,axis,BANKING
2019-12-22,74,axis,BANKING
2019-12-29,93,axis,BANKING
2020-01-05,86,axis,BANKING
2020-01-12,77,axis,BANKING
2020-01-19,80,axis,BANKING
2020-01-26,80,axis,BANKING
2020-02-02,83,axis,BANKING
2020-02-09,81,axis,BANKING
2020-02-16,75,axis,BANKING
2020-02-23,85,axis,BANKING
2020-03-01,100,axis,BANKING
2020-03-08,89,axis,BANKING
2020-03-15,86,axis,BANKING
2020-03-22,58,axis,BANKING
2020-03-29,77,axis,BANKING
2020-04-05,67,axis,BANKING
2020-04-12,65,axis,BANKING
2020-04-19,67,axis,BANKING
2020-04-26,73,axis,BANKING
2020-05-03,80,axis,BANKING
2020-05-10,72,axis,BANKING
2020-05-17,72,axis,BANKING
2020-05-24,77,axis,BANKING
2020-05-31,95,axis,BANKING
2020-06-07,84,axis,BANKING
2020-06-14,78,axis,BANKING
2020-06-21,76,axis,BANKING
2020-06-28,87,axis,BANKING
2020-07-05,83,axis,BANKING
2020-07-12,79,axis,BANKING
2020-07-19,83,axis,BANKING
2020-07-26,77,axis,BANKING
2020-08-02,81,axis,BANKING
2020-08-09,77,axis,BANKING
2020-08-16,77,axis,BANKING
2020-08-23,85,axis,BANKING
2020-08-30,88,axis,BANKING
2020-09-06,86,axis,BANKING
2020-09-13,80,axis,BANKING
2020-09-20,77,axis,BANKING
2020-09-27,79,axis,BANKING
2020-10-04,83,axis,BANKING
2020-10-11,74,axis,BANKING
2020-10-18,72,axis,BANKING
2020-10-25,73,axis,BANKING
2020-11-01,79,axis,BANKING
2020-11-08,77,axis,BANKING
2020-11-15,79,axis,BANKING
2020-11-22,75,axis,BANKING
2020-11-29,81,axis,BANKING
2020-12-06,83,axis,BANKING
2020-12-13,85,axis,BANKING
2020-12-20,74,axis,BANKING
2020-12-27,82,axis,BANKING
2021-01-03,84,axis,BANKING
2021-01-10,78,axis,BANKING
2021-01-17,80,axis,BANKING
2021-01-24,81,axis,BANKING
2021-01-31,92,axis,BANKING
2021-02-07,76,axis,BANKING
2021-02-14,86,axis,BANKING
2021-02-21,78,axis,BANKING
2021-02-28,88,axis,BANKING
2021-03-07,84,axis,BANKING
2021-03-14,83,axis,BANKING
2021-03-21,76,axis,BANKING
2021-03-28,77,axis,BANKING
2021-04-04,77,axis,BANKING
2021-04-11,67,axis,BANKING
2021-04-18,63,axis,BANKING
2021-04-25,63,axis,BANKING
2021-05-02,68,axis,BANKING
2021-05-09,73,axis,BANKING
2021-05-16,67,axis,BANKING
2021-05-23,68,axis,BANKING
2021-05-30,77,axis,BANKING
2021-06-06,73,axis,BANKING
2021-06-13,74,axis,BANKING
2021-06-20,67,axis,BANKING
2021-06-27,78,axis,BANKING
2021-07-04,81,axis,BANKING
2021-07-11,78,axis,BANKING
2021-07-18,68,axis,BANKING
2021-07-25,77,axis,BANKING
2021-08-01,79,axis,BANKING
2021-08-08,71,axis,BANKING
2021-08-15,66,axis,BANKING
2021-08-22,66,axis,BANKING
2021-08-29,74,axis,BANKING
2021-09-05,69,axis,BANKING
2021-09-12,72,axis,BANKING
2021-09-19,66,axis,BANKING
2021-09-26,72,axis,BANKING
2021-10-03,75,axis,BANKING
2021-10-10,62,axis,BANKING
2021-10-17,67,axis,BANKING
2021-10-24,77,axis,BANKING
2021-10-31,64,axis,BANKING
2021-11-07,69,axis,BANKING
2021-11-14,69,axis,BANKING
2021-11-21,65,axis,BANKING
2021-11-28,71,axis,BANKING
2021-12-05,72,axis,BANKING
2021-12-12,76,axis,BANKING
2021-12-19,71,axis,BANKING
2021-12-26,68,axis,BANKING
2022-01-02,71,axis,BANKING
2022-01-09,65,axis,BANKING
2022-01-16,65,axis,BANKING
2022-01-23,70,axis,BANKING
2022-01-30,79,axis,BANKING
2022-02-06,69,axis,BANKING
2022-02-13,71,axis,BANKING
2022-02-20,68,axis,BANKING
2022-02-27,76,axis,BANKING
2022-03-06,76,axis,BANKING
2022-03-13,68,axis,BANKING
2022-03-20,59,axis,BANKING
2019-03-31,62,pnb,BANKING
2019-04-07,51,pnb,BANKING
2019-04-14,44,pnb,BANKING
2019-04-21,46,pnb,BANKING
2019-04-28,46,pnb,BANKING
2019-05-05,47,pnb,BANKING
2019-05-12,47,pnb,BANKING
2019-05-19,45,pnb,BANKING
2019-05-26,50,pnb,BANKING
2019-06-02,44,pnb,BANKING
2019-06-09,49,pnb,BANKING
2019-06-16,40,pnb,BANKING
2019-06-23,46,pnb,BANKING
2019-06-30,48,pnb,BANKING
2019-07-07,53,pnb,BANKING
2019-07-14,47,pnb,BANKING
2019-07-21,46,pnb,BANKING
2019-07-28,59,pnb,BANKING
2019-08-04,50,pnb,BANKING
2019-08-11,43,pnb,BANKING
2019-08-18,46,pnb,BANKING
2019-08-25,56,pnb,BANKING
2019-09-01,56,pnb,BANKING
2019-09-08,49,pnb,BANKING
2019-09-15,49,pnb,BANKING
2019-09-22,47,pnb,BANKING
2019-09-29,50,pnb,BANKING
2019-10-06,43,pnb,BANKING
2019-10-13,51,pnb,BANKING
2019-10-20,45,pnb,BANKING
2019-10-27,45,pnb,BANKING
2019-11-03,50,pnb,BANKING
2019-11-10,46,pnb,BANKING
2019-11-17,45,pnb,BANKING
2019-11-24,48,pnb,BANKING
2019-12-01,52,pnb,BANKING
2019-12-08,47,pnb,BANKING
2019-12-15,45,pnb,BANKING
2019-12-22,38,pnb,BANKING
2019-12-29,56,pnb,BANKING
2020-01-05,50,pnb,BANKING
2020-01-12,45,pnb,BANKING
2020-01-19,42,pnb,BANKING
2020-01-26,43,pnb,BANKING
2020-02-02,52,pnb,BANKING
2020-02-09,50,pnb,BANKING
2020-02-16,45,pnb,BANKING
2020-02-23,50,pnb,BANKING
2020-03-01,58,pnb,BANKING
2020-03-08,50,pnb,BANKING
2020-03-15,55,pnb,BANKING
2020-03-22,38,pnb,BANKING
2020-03-29,65,pnb,BANKING
2020-04-05,57,pnb,BANKING
2020-04-12,53,pnb,BANKING
2020-04-19,50,pnb,BANKING
2020-04-26,44,pnb,BANKING
2020-05-03,50,pnb,BANKING
2020-05-10,54,pnb,BANKING
2020-05-17,53,pnb,BANKING
2020-05-24,48,pnb,BANKING
2020-05-31,62,pnb,BANKING
2020-06-07,62,pnb,BANKING
2020-06-14,55,pnb,BANKING
2020-06-21,59,pnb,BANKING
2020-06-28,63,pnb,BANKING
2020-07-05,59,pnb,BANKING
2020-07-12,54,pnb,BANKING
2020-07-19,51,pnb,BANKING
2020-07-26,52,pnb,BANKING
2020-08-02,50,pnb,BANKING
2020-08-09,50,pnb,BANKING
2020-08-16,53,pnb,BANKING
2020-08-23,56,pnb,BANKING
2020-08-30,56,pnb,BANKING
2020-09-06,56,pnb,BANKING
2020-09-13,50,pnb,BANKING
2020-09-20,46,pnb,BANKING
2020-09-27,52,pnb,BANKING
2020-10-04,49,pnb,BANKING
2020-10-11,52,pnb,BANKING
2020-10-18,45,pnb,BANKING
2020-10-25,46,pnb,BANKING
2020-11-01,50,pnb,BANKING
2020-11-08,50,pnb,BANKING
2020-11-15,50,pnb,BANKING
2020-11-22,50,pnb,BANKING
2020-11-29,78,pnb,BANKING
2020-12-06,75,pnb,BANKING
2020-12-13,77,pnb,BANKING
2020-12-20,73,pnb,BANKING
2020-12-27,88,pnb,BANKING
2021-01-03,89,pnb,BANKING
2021-01-10,80,pnb,BANKING
2021-01-17,69,pnb,BANKING
2021-01-24,69,pnb,BANKING
2021-01-31,92,pnb,BANKING
2021-02-07,81,pnb,BANKING
2021-02-14,85,pnb,BANKING
2021-02-21,84,pnb,BANKING
2021-02-28,90,pnb,BANKING
2021-03-07,77,pnb,BANKING
2021-03-14,75,pnb,BANKING
2021-03-21,75,pnb,BANKING
2021-03-28,75,pnb,BANKING
2021-04-04,75,pnb,BANKING
2021-04-11,64,pnb,BANKING
2021-04-18,54,pnb,BANKING
2021-04-25,52,pnb,BANKING
2021-05-02,60,pnb,BANKING
2021-05-09,68,pnb,BANKING
2021-05-16,64,pnb,BANKING
2021-05-23,79,pnb,BANKING
2021-05-30,100,pnb,BANKING
2021-06-06,90,pnb,BANKING
2021-06-13,77,pnb,BANKING
2021-06-20,83,pnb,BANKING
2021-06-27,87,pnb,BANKING
2021-07-04,80,pnb,BANKING
2021-07-11,70,pnb,BANKING
2021-07-18,57,pnb,BANKING
2021-07-25,66,pnb,BANKING
2021-08-01,73,pnb,BANKING
2021-08-08,74,pnb,BANKING
2021-08-15,69,pnb,BANKING
2021-08-22,61,pnb,BANKING
2021-08-29,65,pnb,BANKING
2021-09-05,62,pnb,BANKING
2021-09-12,72,pnb,BANKING
2021-09-19,57,pnb,BANKING
2021-09-26,61,pnb,BANKING
2021-10-03,65,pnb,BANKING
2021-10-10,58,pnb,BANKING
2021-10-17,67,pnb,BANKING
2021-10-24,72,pnb,BANKING
2021-10-31,60,pnb,BANKING
2021-11-07,62,pnb,BANKING
2021-11-14,57,pnb,BANKING
2021-11-21,62,pnb,BANKING
2021-11-28,63,pnb,BANKING
2021-12-05,63,pnb,BANKING
2021-12-12,67,pnb,BANKING
2021-12-19,68,pnb,BANKING
2021-12-26,64,pnb,BANKING
2022-01-02,67,pnb,BANKING
2022-01-09,66,pnb,BANKING
2022-01-16,57,pnb,BANKING
2022-01-23,58,pnb,BANKING
2022-01-30,67,pnb,BANKING
2022-02-06,62,pnb,BANKING
2022-02-13,64,pnb,BANKING
2022-02-20,60,pnb,BANKING
2022-02-27,67,pnb,BANKING
2022-03-06,65,pnb,BANKING
2022-03-13,60,pnb,BANKING
2022-03-20,50,pnb,BANKING
2019-03-31,38,reliance,ENERGY
2019-04-07,35,reliance,ENERGY
2019-04-14,35,reliance,ENERGY
2019-04-21,38,reliance,ENERGY
2019-04-28,34,reliance,ENERGY
2019-05-05,41,reliance,ENERGY
2019-05-12,39,reliance,ENERGY
2019-05-19,45,reliance,ENERGY
2019-05-26,41,reliance,ENERGY
2019-06-02,38,reliance,ENERGY
2019-06-09,39,reliance,ENERGY
2019-06-16,37,reliance,ENERGY
2019-06-23,38,reliance,ENERGY
2019-06-30,35,reliance,ENERGY
2019-07-07,35,reliance,ENERGY
2019-07-14,36,reliance,ENERGY
2019-07-21,37,reliance,ENERGY
2019-07-28,37,reliance,ENERGY
2019-08-04,41,reliance,ENERGY
2019-08-11,66,reliance,ENERGY
2019-08-18,44,reliance,ENERGY
2019-08-25,41,reliance,ENERGY
2019-09-01,45,reliance,ENERGY
2019-09-08,40,reliance,ENERGY
2019-09-15,42,reliance,ENERGY
2019-09-22,45,reliance,ENERGY
2019-09-29,44,reliance,ENERGY
2019-10-06,41,reliance,ENERGY
2019-10-13,47,reliance,ENERGY
2019-10-20,50,reliance,ENERGY
2019-10-27,45,reliance,ENERGY
2019-11-03,40,reliance,ENERGY
2019-11-10,37,reliance,ENERGY
2019-11-17,45,reliance,ENERGY
2019-11-24,43,reliance,ENERGY
2019-12-01,42,reliance,ENERGY
2019-12-08,38,reliance,ENERGY
2019-12-15,38,reliance,ENERGY
2019-12-22,39,reliance,ENERGY
2019-12-29,42,reliance,ENERGY
2020-01-05,37,reliance,ENERGY
2020-01-12,42,reliance,ENERGY
2020-01-19,45,reliance,ENERGY
2020-01-26,44,reliance,ENERGY
2020-02-02,39,reliance,ENERGY
2020-02-09,35,reliance,ENERGY
2020-02-16,34,reliance,ENERGY
2020-02-23,38,reliance,ENERGY
2020-03-01,41,reliance,ENERGY
2020-03-08,58,reliance,ENERGY
2020-03-15,62,reliance,ENERGY
2020-03-22,71,reliance,ENERGY
2020-03-29,53,reliance,ENERGY
2020-04-05,46,reliance,ENERGY
2020-04-12,44,reliance,ENERGY
2020-04-19,67,reliance,ENERGY
2020-04-26,69,reliance,ENERGY
2020-05-03,66,reliance,ENERGY
2020-05-10,66,reliance,ENERGY
2020-05-17,70,reliance,ENERGY
2020-05-24,64,reliance,ENERGY
2020-05-31,65,reliance,ENERGY
2020-06-07,66,reliance,ENERGY
2020-06-14,68,reliance,ENERGY
2020-06-21,71,reliance,ENERGY
2020-06-28,68,reliance,ENERGY
2020-07-05,73,reliance,ENERGY
2020-07-12,100,reliance,ENERGY
2020-07-19,89,reliance,ENERGY
2020-07-26,95,reliance,ENERGY
2020-08-02,81,reliance,ENERGY
2020-08-09,89,reliance,ENERGY
2020-08-16,79,reliance,ENERGY
2020-08-23,69,reliance,ENERGY
2020-08-30,71,reliance,ENERGY
2020-09-06,70,reliance,ENERGY
2020-09-13,64,reliance,ENERGY
2020-09-20,57,reliance,ENERGY
2020-09-27,52,reliance,ENERGY
2020-10-04,51,reliance,ENERGY
2020-10-11,51,reliance,ENERGY
2020-10-18,54,reliance,ENERGY
2020-10-25,62,reliance,ENERGY
2020-11-01,80,reliance,ENERGY
2020-11-08,74,reliance,ENERGY
2020-11-15,66,reliance,ENERGY
2020-11-22,61,reliance,ENERGY
2020-11-29,53,reliance,ENERGY
2020-12-06,60,reliance,ENERGY
2020-12-13,54,reliance,ENERGY
2020-12-20,56,reliance,ENERGY
2020-12-27,56,reliance,ENERGY
2021-01-03,55,reliance,ENERGY
2021-01-10,57,reliance,ENERGY
2021-01-17,64,reliance,ENERGY
2021-01-24,67,reliance,ENERGY
2021-01-31,62,reliance,ENERGY
2021-02-07,53,reliance,ENERGY
2021-02-14,47,reliance,ENERGY
2021-02-21,53,reliance,ENERGY
2021-02-28,54,reliance,ENERGY
2021-03-07,49,reliance,ENERGY
2021-03-14,50,reliance,ENERGY
2021-03-21,47,reliance,ENERGY
2021-03-28,44,reliance,ENERGY
2021-04-04,47,reliance,ENERGY
2021-04-11,43,reliance,ENERGY
2021-04-18,40,reliance,ENERGY
2021-04-25,50,reliance,ENERGY
2021-05-02,59,reliance,ENERGY
2021-05-09,52,reliance,ENERGY
2021-05-16,49,reliance,ENERGY
2021-05-23,59,reliance,ENERGY
2021-05-30,71,reliance,ENERGY
2021-06-06,74,reliance,ENERGY
2021-06-13,72,reliance,ENERGY
2021-06-20,88,reliance,ENERGY
2021-06-27,69,reliance,ENERGY
2021-07-04,60,reliance,ENERGY
2021-07-11,57,reliance,ENERGY
2021-07-18,52,reliance,ENERGY
2021-07-25,53,reliance,ENERGY
2021-08-01,55,reliance,ENERGY
2021-08-08,60,reliance,ENERGY
2021-08-15,54,reliance,ENERGY
2021-08-22,46,reliance,ENERGY
2021-08-29,50,reliance,ENERGY
2021-09-05,52,reliance,ENERGY
2021-09-12,54,reliance,ENERGY
2021-09-19,47,reliance,ENERGY
2021-09-26,50,reliance,ENERGY
2021-10-03,59,reliance,ENERGY
2021-10-10,58,reliance,ENERGY
2021-10-17,60,reliance,ENERGY
2021-10-24,55,reliance,ENERGY
2021-10-31,52,reliance,ENERGY
2021-11-07,48,reliance,ENERGY
2021-11-14,43,reliance,ENERGY
2021-11-21,55,reliance,ENERGY
2021-11-28,48,reliance,ENERGY
2021-12-05,48,reliance,ENERGY
2021-12-12,49,reliance,ENERGY
2021-12-19,47,reliance,ENERGY
2021-12-26,44,reliance,ENERGY
2022-01-02,45,reliance,ENERGY
2022-01-09,45,reliance,ENERGY
2022-01-16,50,reliance,ENERGY
2022-01-23,54,reliance,ENERGY
2022-01-30,48,reliance,ENERGY
2022-02-06,46,reliance,ENERGY
2022-02-13,44,reliance,ENERGY
2022-02-20,45,reliance,ENERGY
2022-02-27,41,reliance,ENERGY
2022-03-06,46,reliance,ENERGY
2022-03-13,47,reliance,ENERGY
2022-03-20,42,reliance,ENERGY
2019-03-31,60,ongc,ENERGY
2019-04-07,42,ongc,ENERGY
2019-04-14,33,ongc,ENERGY
2019-04-21,37,ongc,ENERGY
2019-04-28,29,ongc,ENERGY
2019-05-05,36,ongc,ENERGY
2019-05-12,28,ongc,ENERGY
2019-05-19,33,ongc,ENERGY
2019-05-26,41,ongc,ENERGY
2019-06-02,59,ongc,ENERGY
2019-06-09,42,ongc,ENERGY
2019-06-16,35,ongc,ENERGY
2019-06-23,32,ongc,ENERGY
2019-06-30,29,ongc,ENERGY
2019-07-07,35,ongc,ENERGY
2019-07-14,46,ongc,ENERGY
2019-07-21,40,ongc,ENERGY
2019-07-28,40,ongc,ENERGY
2019-08-04,35,ongc,ENERGY
2019-08-11,38,ongc,ENERGY
2019-08-18,42,ongc,ENERGY
2019-08-25,37,ongc,ENERGY
2019-09-01,59,ongc,ENERGY
2019-09-08,38,ongc,ENERGY
2019-09-15,38,ongc,ENERGY
2019-09-22,36,ongc,ENERGY
2019-09-29,31,ongc,ENERGY
2019-10-06,31,ongc,ENERGY
2019-10-13,38,ongc,ENERGY
2019-10-20,30,ongc,ENERGY
2019-10-27,30,ongc,ENERGY
2019-11-03,31,ongc,ENERGY
2019-11-10,28,ongc,ENERGY
2019-11-17,31,ongc,ENERGY
2019-11-24,30,ongc,ENERGY
2019-12-01,29,ongc,ENERGY
2019-12-08,29,ongc,ENERGY
2019-12-15,28,ongc,ENERGY
2019-12-22,32,ongc,ENERGY
2019-12-29,33,ongc,ENERGY
2020-01-05,31,ongc,ENERGY
2020-01-12,30,ongc,ENERGY
2020-01-19,35,ongc,ENERGY
2020-01-26,41,ongc,ENERGY
2020-02-02,41,ongc,ENERGY
2020-02-09,40,ongc,ENERGY
2020-02-16,47,ongc,ENERGY
2020-02-23,46,ongc,ENERGY
2020-03-01,47,ongc,ENERGY
2020-03-08,79,ongc,ENERGY
2020-03-15,100,ongc,ENERGY
2020-03-22,82,ongc,ENERGY
2020-03-29,67,ongc,ENERGY
2020-04-05,57,ongc,ENERGY
2020-04-12,56,ongc,ENERGY
2020-04-19,87,ongc,ENERGY
2020-04-26,70,ongc,ENERGY
2020-05-03,78,ongc,ENERGY
2020-05-10,56,ongc,ENERGY
2020-05-17,54,ongc,ENERGY
2020-05-24,45,ongc,ENERGY
2020-05-31,54,ongc,ENERGY
2020-06-07,56,ongc,ENERGY
2020-06-14,45,ongc,ENERGY
2020-06-21,51,ongc,ENERGY
2020-06-28,58,ongc,ENERGY
2020-07-05,49,ongc,ENERGY
2020-07-12,51,ongc,ENERGY
2020-07-19,51,ongc,ENERGY
2020-07-26,74,ongc,ENERGY
2020-08-02,64,ongc,ENERGY
2020-08-09,71,ongc,ENERGY
2020-08-16,65,ongc,ENERGY
2020-08-23,64,ongc,ENERGY
2020-08-30,70,ongc,ENERGY
2020-09-06,80,ongc,ENERGY
2020-09-13,48,ongc,ENERGY
2020-09-20,59,ongc,ENERGY
2020-09-27,45,ongc,ENERGY
2020-10-04,42,ongc,ENERGY
2020-10-11,43,ongc,ENERGY
2020-10-18,42,ongc,ENERGY
2020-10-25,47,ongc,ENERGY
2020-11-01,40,ongc,ENERGY
2020-11-08,51,ongc,ENERGY
2020-11-15,50,ongc,ENERGY
2020-11-22,66,ongc,ENERGY
2020-11-29,63,ongc,ENERGY
2020-12-06,76,ongc,ENERGY
2020-12-13,73,ongc,ENERGY
2020-12-20,68,ongc,ENERGY
2020-12-27,54,ongc,ENERGY
2021-01-03,66,ongc,ENERGY
2021-01-10,66,ongc,ENERGY
2021-01-17,59,ongc,ENERGY
2021-01-24,49,ongc,ENERGY
2021-01-31,68,ongc,ENERGY
2021-02-07,71,ongc,ENERGY
2021-02-14,77,ongc,ENERGY
2021-02-21,79,ongc,ENERGY
2021-02-28,67,ongc,ENERGY
2021-03-07,61,ongc,ENERGY
2021-03-14,55,ongc,ENERGY
2021-03-21,49,ongc,ENERGY
2021-03-28,37,ongc,ENERGY
2021-04-04,42,ongc,ENERGY
2021-04-11,38,ongc,ENERGY
2021-04-18,33,ongc,ENERGY
2021-04-25,41,ongc,ENERGY
2021-05-02,42,ongc,ENERGY
2021-05-09,44,ongc,ENERGY
2021-05-16,64,ongc,ENERGY
2021-05-23,49,ongc,ENERGY
2021-05-30,57,ongc,ENERGY
2021-06-06,53,ongc,ENERGY
2021-06-13,49,ongc,ENERGY
2021-06-20,52,ongc,ENERGY
2021-06-27,49,ongc,ENERGY
2021-07-04,47,ongc,ENERGY
2021-07-11,43,ongc,ENERGY
2021-07-18,38,ongc,ENERGY
2021-07-25,39,ongc,ENERGY
2021-08-01,36,ongc,ENERGY
2021-08-08,34,ongc,ENERGY
2021-08-15,33,ongc,ENERGY
2021-08-22,33,ongc,ENERGY
2021-08-29,35,ongc,ENERGY
2021-09-05,33,ongc,ENERGY
2021-09-12,43,ongc,ENERGY
2021-09-19,43,ongc,ENERGY
2021-09-26,51,ongc,ENERGY
2021-10-03,70,ongc,ENERGY
2021-10-10,47,ongc,ENERGY
2021-10-17,43,ongc,ENERGY
2021-10-24,41,ongc,ENERGY
2021-10-31,31,ongc,ENERGY
2021-11-07,41,ongc,ENERGY
2021-11-14,44,ongc,ENERGY
2021-11-21,41,ongc,ENERGY
2021-11-28,33,ongc,ENERGY
2021-12-05,33,ongc,ENERGY
2021-12-12,30,ongc,ENERGY
2021-12-19,35,ongc,ENERGY
2021-12-26,31,ongc,ENERGY
2022-01-02,38,ongc,ENERGY
2022-01-09,32,ongc,ENERGY
2022-01-16,39,ongc,ENERGY
2022-01-23,36,ongc,ENERGY
2022-01-30,40,ongc,ENERGY
2022-02-06,40,ongc,ENERGY
2022-02-13,43,ongc,ENERGY
2022-02-20,42,ongc,ENERGY
2022-02-27,35,ongc,ENERGY
2022-03-06,67,ongc,ENERGY
2022-03-13,42,ongc,ENERGY
2022-03-20,45,ongc,ENERGY
2019-03-31,5,adani,ENERGY
2019-04-07,5,adani,ENERGY
2019-04-14,5,adani,ENERGY
2019-04-21,5,adani,ENERGY
2019-04-28,4,adani,ENERGY
2019-05-05,5,adani,ENERGY
2019-05-12,5,adani,ENERGY
2019-05-19,10,adani,ENERGY
2019-05-26,9,adani,ENERGY
2019-06-02,7,adani,ENERGY
2019-06-09,7,adani,ENERGY
2019-06-16,6,adani,ENERGY
2019-06-23,6,adani,ENERGY
2019-06-30,8,adani,ENERGY
2019-07-07,7,adani,ENERGY
2019-07-14,7,adani,ENERGY
2019-07-21,6,adani,ENERGY
2019-07-28,6,adani,ENERGY
2019-08-04,6,adani,ENERGY
2019-08-11,4,adani,ENERGY
2019-08-18,5,adani,ENERGY
2019-08-25,6,adani,ENERGY
2019-09-01,5,adani,ENERGY
2019-09-08,5,adani,ENERGY
2019-09-15,6,adani,ENERGY
2019-09-22,7,adani,ENERGY
2019-09-29,5,adani,ENERGY
2019-10-06,6,adani,ENERGY
2019-10-13,10,adani,ENERGY
2019-10-20,6,adani,ENERGY
2019-10-27,6,adani,ENERGY
2019-11-03,7,adani,ENERGY
2019-11-10,7,adani,ENERGY
2019-11-17,6,adani,ENERGY
2019-11-24,8,adani,ENERGY
2019-12-01,8,adani,ENERGY
2019-12-08,7,adani,ENERGY
2019-12-15,6,adani,ENERGY
2019-12-22,6,adani,ENERGY
2019-12-29,9,adani,ENERGY
2020-01-05,10,adani,ENERGY
2020-01-12,9,adani,ENERGY
2020-01-19,8,adani,ENERGY
2020-01-26,7,adani,ENERGY
2020-02-02,8,adani,ENERGY
2020-02-09,7,adani,ENERGY
2020-02-16,6,adani,ENERGY
2020-02-23,7,adani,ENERGY
2020-03-01,7,adani,ENERGY
2020-03-08,7,adani,ENERGY
2020-03-15,8,adani,ENERGY
2020-03-22,6,adani,ENERGY
2020-03-29,7,adani,ENERGY
2020-04-05,6,adani,ENERGY
2020-04-12,7,adani,ENERGY
2020-04-19,8,adani,ENERGY
2020-04-26,8,adani,ENERGY
2020-05-03,9,adani,ENERGY
2020-05-10,8,adani,ENERGY
2020-05-17,9,adani,ENERGY
2020-05-24,8,adani,ENERGY
2020-05-31,11,adani,ENERGY
2020-06-07,14,adani,ENERGY
2020-06-14,12,adani,ENERGY
2020-06-21,15,adani,ENERGY
2020-06-28,14,adani,ENERGY
2020-07-05,13,adani,ENERGY
2020-07-12,10,adani,ENERGY
2020-07-19,10,adani,ENERGY
2020-07-26,9,adani,ENERGY
2020-08-02,9,adani,ENERGY
2020-08-09,8,adani,ENERGY
2020-08-16,10,adani,ENERGY
2020-08-23,13,adani,ENERGY
2020-08-30,14,adani,ENERGY
2020-09-06,11,adani,ENERGY
2020-09-13,12,adani,ENERGY
2020-09-20,10,adani,ENERGY
2020-09-27,9,adani,ENERGY
2020-10-04,10,adani,ENERGY
2020-10-11,9,adani,ENERGY
2020-10-18,8,adani,ENERGY
2020-10-25,9,adani,ENERGY
2020-11-01,12,adani,ENERGY
2020-11-08,11,adani,ENERGY
2020-11-15,16,adani,ENERGY
2020-11-22,18,adani,ENERGY
2020-11-29,16,adani,ENERGY
2020-12-06,20,adani,ENERGY
2020-12-13,18,adani,ENERGY
2020-12-20,14,adani,ENERGY
2020-12-27,14,adani,ENERGY
2021-01-03,13,adani,ENERGY
2021-01-10,14,adani,ENERGY
2021-01-17,13,adani,ENERGY
2021-01-24,11,adani,ENERGY
2021-01-31,13,adani,ENERGY
2021-02-07,12,adani,ENERGY
2021-02-14,16,adani,ENERGY
2021-02-21,14,adani,ENERGY
2021-02-28,20,adani,ENERGY
2021-03-07,24,adani,ENERGY
2021-03-14,26,adani,ENERGY
2021-03-21,32,adani,ENERGY
2021-03-28,18,adani,ENERGY
2021-04-04,36,adani,ENERGY
2021-04-11,22,adani,ENERGY
2021-04-18,15,adani,ENERGY
2021-04-25,14,adani,ENERGY
2021-05-02,22,adani,ENERGY
2021-05-09,15,adani,ENERGY
2021-05-16,27,adani,ENERGY
2021-05-23,28,adani,ENERGY
2021-05-30,32,adani,ENERGY
2021-06-06,62,adani,ENERGY
2021-06-13,100,adani,ENERGY
2021-06-20,47,adani,ENERGY
2021-06-27,33,adani,ENERGY
2021-07-04,31,adani,ENERGY
2021-07-11,25,adani,ENERGY
2021-07-18,26,adani,ENERGY
2021-07-25,20,adani,ENERGY
2021-08-01,26,adani,ENERGY
2021-08-08,19,adani,ENERGY
2021-08-15,16,adani,ENERGY
2021-08-22,20,adani,ENERGY
2021-08-29,26,adani,ENERGY
2021-09-05,17,adani,ENERGY
2021-09-12,18,adani,ENERGY
2021-09-19,19,adani,ENERGY
2021-09-26,15,adani,ENERGY
2021-10-03,21,adani,ENERGY
2021-10-10,19,adani,ENERGY
2021-10-17,27,adani,ENERGY
2021-10-24,21,adani,ENERGY
2021-10-31,13,adani,ENERGY
2021-11-07,17,adani,ENERGY
2021-11-14,14,adani,ENERGY
2021-11-21,32,adani,ENERGY
2021-11-28,17,adani,ENERGY
2021-12-05,15,adani,ENERGY
2021-12-12,15,adani,ENERGY
2021-12-19,14,adani,ENERGY
2021-12-26,12,adani,ENERGY
2022-01-02,12,adani,ENERGY
2022-01-09,16,adani,ENERGY
2022-01-16,18,adani,ENERGY
2022-01-23,40,adani,ENERGY
2022-01-30,53,adani,ENERGY
2022-02-06,82,adani,ENERGY
2022-02-13,51,adani,ENERGY
2022-02-20,41,adani,ENERGY
2022-02-27,28,adani,ENERGY
2022-03-06,25,adani,ENERGY
2022-03-13,23,adani,ENERGY
2022-03-20,24,adani,ENERGY
2019-03-31,50,ntpc,ENERGY
2019-04-07,20,ntpc,ENERGY
2019-04-14,16,ntpc,ENERGY
2019-04-21,14,ntpc,ENERGY
2019-04-28,13,ntpc,ENERGY
2019-05-05,14,ntpc,ENERGY
2019-05-12,15,ntpc,ENERGY
2019-05-19,16,ntpc,ENERGY
2019-05-26,22,ntpc,ENERGY
2019-06-02,37,ntpc,ENERGY
2019-06-09,33,ntpc,ENERGY
2019-06-16,38,ntpc,ENERGY
2019-06-23,32,ntpc,ENERGY
2019-06-30,30,ntpc,ENERGY
2019-07-07,33,ntpc,ENERGY
2019-07-14,34,ntpc,ENERGY
2019-07-21,34,ntpc,ENERGY
2019-07-28,32,ntpc,ENERGY
2019-08-04,23,ntpc,ENERGY
2019-08-11,21,ntpc,ENERGY
2019-08-18,27,ntpc,ENERGY
2019-08-25,27,ntpc,ENERGY
2019-09-01,23,ntpc,ENERGY
2019-09-08,19,ntpc,ENERGY
2019-09-15,18,ntpc,ENERGY
2019-09-22,18,ntpc,ENERGY
2019-09-29,15,ntpc,ENERGY
2019-10-06,14,ntpc,ENERGY
2019-10-13,15,ntpc,ENERGY
2019-10-20,12,ntpc,ENERGY
2019-10-27,11,ntpc,ENERGY
2019-11-03,13,ntpc,ENERGY
2019-11-10,13,ntpc,ENERGY
2019-11-17,14,ntpc,ENERGY
2019-11-24,13,ntpc,ENERGY
2019-12-01,12,ntpc,ENERGY
2019-12-08,14,ntpc,ENERGY
2019-12-15,12,ntpc,ENERGY
2019-12-22,11,ntpc,ENERGY
2019-12-29,12,ntpc,ENERGY
2020-01-05,12,ntpc,ENERGY
2020-01-12,12,ntpc,ENERGY
2020-01-19,12,ntpc,ENERGY
2020-01-26,12,ntpc,ENERGY
2020-02-02,11,ntpc,ENERGY
2020-02-09,11,ntpc,ENERGY
2020-02-16,11,ntpc,ENERGY
2020-02-23,13,ntpc,ENERGY
2020-03-01,12,ntpc,ENERGY
2020-03-08,10,ntpc,ENERGY
2020-03-15,10,ntpc,ENERGY
2020-03-22,7,ntpc,ENERGY
2020-03-29,7,ntpc,ENERGY
2020-04-05,6,ntpc,ENERGY
2020-04-12,7,ntpc,ENERGY
2020-04-19,7,ntpc,ENERGY
2020-04-26,7,ntpc,ENERGY
2020-05-03,7,ntpc,ENERGY
2020-05-10,8,ntpc,ENERGY
2020-05-17,7,ntpc,ENERGY
2020-05-24,7,ntpc,ENERGY
2020-05-31,8,ntpc,ENERGY
2020-06-07,7,ntpc,ENERGY
2020-06-14,7,ntpc,ENERGY
2020-06-21,9,ntpc,ENERGY
2020-06-28,9,ntpc,ENERGY
2020-07-05,8,ntpc,ENERGY
2020-07-12,10,ntpc,ENERGY
2020-07-19,10,ntpc,ENERGY
2020-07-26,8,ntpc,ENERGY
2020-08-02,7,ntpc,ENERGY
2020-08-09,8,ntpc,ENERGY
2020-08-16,12,ntpc,ENERGY
2020-08-23,9,ntpc,ENERGY
2020-08-30,14,ntpc,ENERGY
2020-09-06,26,ntpc,ENERGY
2020-09-13,16,ntpc,ENERGY
2020-09-20,26,ntpc,ENERGY
2020-09-27,14,ntpc,ENERGY
2020-10-04,12,ntpc,ENERGY
2020-10-11,12,ntpc,ENERGY
2020-10-18,11,ntpc,ENERGY
2020-10-25,12,ntpc,ENERGY
2020-11-01,14,ntpc,ENERGY
2020-11-08,12,ntpc,ENERGY
2020-11-15,15,ntpc,ENERGY
2020-11-22,15,ntpc,ENERGY
2020-11-29,33,ntpc,ENERGY
2020-12-06,32,ntpc,ENERGY
2020-12-13,100,ntpc,ENERGY
2020-12-20,66,ntpc,ENERGY
2020-12-27,59,ntpc,ENERGY
2021-01-03,77,ntpc,ENERGY
2021-01-10,50,ntpc,ENERGY
2021-01-17,62,ntpc,ENERGY
2021-01-24,45,ntpc,ENERGY
2021-01-31,51,ntpc,ENERGY
2021-02-07,40,ntpc,ENERGY
2021-02-14,20,ntpc,ENERGY
2021-02-21,33,ntpc,ENERGY
2021-02-28,29,ntpc,ENERGY
2021-03-07,20,ntpc,ENERGY
2021-03-14,14,ntpc,ENERGY
2021-03-21,14,ntpc,ENERGY
2021-03-28,11,ntpc,ENERGY
2021-04-04,12,ntpc,ENERGY
2021-04-11,9,ntpc,ENERGY
2021-04-18,7,ntpc,ENERGY
2021-04-25,7,ntpc,ENERGY
2021-05-02,8,ntpc,ENERGY
2021-05-09,9,ntpc,ENERGY
2021-05-16,9,ntpc,ENERGY
2021-05-23,9,ntpc,ENERGY
2021-05-30,9,ntpc,ENERGY
2021-06-06,11,ntpc,ENERGY
2021-06-13,9,ntpc,ENERGY
2021-06-20,10,ntpc,ENERGY
2021-06-27,10,ntpc,ENERGY
2021-07-04,8,ntpc,ENERGY
2021-07-11,9,ntpc,ENERGY
2021-07-18,8,ntpc,ENERGY
2021-07-25,9,ntpc,ENERGY
2021-08-01,10,ntpc,ENERGY
2021-08-08,15,ntpc,ENERGY
2021-08-15,48,ntpc,ENERGY
2021-08-22,14,ntpc,ENERGY
2021-08-29,13,ntpc,ENERGY
2021-09-05,14,ntpc,ENERGY
2021-09-12,17,ntpc,ENERGY
2021-09-19,12,ntpc,ENERGY
2021-09-26,14,ntpc,ENERGY
2021-10-03,13,ntpc,ENERGY
2021-10-10,14,ntpc,ENERGY
2021-10-17,12,ntpc,ENERGY
2021-10-24,10,ntpc,ENERGY
2021-10-31,9,ntpc,ENERGY
2021-11-07,10,ntpc,ENERGY
2021-11-14,10,ntpc,ENERGY
2021-11-21,10,ntpc,ENERGY
2021-11-28,10,ntpc,ENERGY
2021-12-05,11,ntpc,ENERGY
2021-12-12,9,ntpc,ENERGY
2021-12-19,8,ntpc,ENERGY
2021-12-26,7,ntpc,ENERGY
2022-01-02,8,ntpc,ENERGY
2022-01-09,47,ntpc,ENERGY
2022-01-16,29,ntpc,ENERGY
2022-01-23,17,ntpc,ENERGY
2022-01-30,9,ntpc,ENERGY
2022-02-06,7,ntpc,ENERGY
2022-02-13,6,ntpc,ENERGY
2022-02-20,6,ntpc,ENERGY
2022-02-27,6,ntpc,ENERGY
2022-03-06,7,ntpc,ENERGY
2022-03-13,6,ntpc,ENERGY
2022-03-20,6,ntpc,ENERGY
